comments,emoji
Sach me pehle ke gaanay dekhnke positive vibes aati thi,â¤â¤ğŸ˜¢ğŸ˜¢ğŸ˜¢
2025me koun dekh rha h,ğŸ‰
Phle hoti thik ab  kaha hai,ğŸ˜ŠğŸ˜…
Kon kon 2025 mein soun rahe hai â™¥ï¸ğŸ¥°,ğŸŒ¹ğŸ˜‚ğŸ˜‚ğŸ˜‚
Kasam se jhoom ke jb chlti to bijli girti hai,â¤â¤â¤â¤â¤
Ye winner bne chahe na pr ye ladka bohot aage jayega 99side yeee,ğŸ”¥
"10 November 2024, selamat hari Pahlawan ğŸ¤².Best wishes for we all",â¤â¤â¤ğŸ‡®ğŸ‡©ğŸ‡®ğŸ‡³ğŸŒğŸ˜ğŸ™ğŸ™‚
Bhai,â¤ğŸ˜Š
Apne future husband k sath ye song Imagine krti huyi mai,ğŸ˜‚
Meri Bv No 1 hai,ğŸ˜¢
Gana hona chahea sone jaise baal hai uske chandi jaisa tan wo hai wo hai wohai meri affair no.1,ğŸ˜‚ğŸ‰
Itni ACHI BIWI hai ISLEA ye admi dusre k peeche jata ha.. stay focused. Be dayan,ğŸ˜‚ğŸ˜‚ğŸ˜‚
Tu h tu h merii biwi no 1 ??,ğŸ˜˜
Meri wife ko suna Raha hu me,â¤ğŸ˜‚
Nice jodi,â¤
Karishma jaisa koi nahi she is perfection,â¤
Aur gf  no.1 bhool gaye? Sushmita,ğŸ˜‚
2024 me kon kon sun raha hai,ğŸ˜‚
Chalo dekhte hain 2028 main koy dekhta hain ki nahi,ğŸ˜—
Vo h vo h vo h merii biwi no 1 ??,ğŸ˜˜
Duniya ki khubsurat aurat admi ko miljaye phir bhi dusri chahiye its in nature of men ï¸ï¸ï¸ï¸,ğŸ˜ğŸ˜ğŸ˜â¤â¤â¤â¤ğŸ˜ğŸ˜ğŸ˜
"Dev manav ke bachche hua biran rupay se ki jamkar ayyashiyan khule aam amir vyapariyo ki choodi maa,
Dhan rupay ki kamai par izzat gai bazaaron main kyonki sab gareeb adami the pichhe.

Sawdhan! Main Mohammad Abid bilkul pichhe huan ek ek rupay ka hisab luanga dev manav se jo Muzaffarnagar shahar main aakar apni maa chudwa rahe hai sawdhan!",ğŸ˜®
"Dev manav ke bachchon ki chudi maa ek number main 

Amir admi ke bachche openly bazaaron main ayyashiyan kar rahe fashion ke kapde jismein ladkiyon ki gori chamdi ka pardhan khulkar hota hai jo logon ke lawdon par jhhankar dalkar lawdon ko khada kar deti hai main kahta huan tod deti hai aur ladkiyan kahti hai ki God ka diya huaa dhan, bhagwan ka diya huaa dhan, aur Allah ka diya huaa sab kuchh hai aur dharm ke naam par yeh sab ayyashiyan khuleaam ho rahi hai,
Sabse pahle amir ghar ke jawan bachchon ki maa chudegi Muzaffarnagar shahar Uttar Pradesh mein kaha se rupay lekar ayyashiyan karte hai,
Amir admi gareeb adami ke lawdon par business karke haram dhan kamai karke ayyashiyan karte hai aur kahte hai bhagwan aur Allah ka diya huaa sab kuch hai bas bachchon ke lawde khade nahi hote hai
Amir ghar ke bachchon ki chudi maa Muzaffarnagar shahar main jhhankar

Airtel Bharti Limited Corporation 
Bharti bahan ki lawdi edhar aa mere ghar makan number 1601, par aur mere lawde par apni khubsoorati ki jhhankar dekar lawde ko khada kar aur choot marale agar choot nahi hai to gand marakar Airtel ka bhugtan kar kyonki kanooni tor par aurat naukri nahi kar sakti hai to mere Bistra garm kar de meri Airtel bharti mera lawda bhi Satyamev Jayate par aadharit hai Sanskrit main chahe vyakaran main likhwa le meri Airtel bharti ğŸ¤£ğŸ¤£ğŸ¤£ğŸ¤£ğŸ¤£",ğŸ’¯ğŸ‰ğŸ˜®ğŸ˜‚ğŸ˜‚ğŸ˜‚ğŸ˜‚ğŸ˜‚ğŸ˜‚ğŸ˜‚ğŸ˜‚ğŸ˜‚ğŸ˜‚ğŸ˜‚ğŸ˜‚
Afroj KAfiya nek bestfrend  4 grl 2 bro nek Dil movi natk thi and duk dur ho jae,ğŸ˜¢ğŸ˜ŠğŸ˜ŠğŸ˜ŠğŸ˜ŠğŸ˜ŠğŸ˜ŠğŸ˜ŠğŸ˜Šâ¤â¤â¤â¤â¤â¤â¤â¤ğŸ‰ğŸ‰ğŸ‰ğŸ‰ğŸ‰ğŸ‰ğŸ‰ğŸ‰ğŸ‰
"2050 m kon kon dekh rha hai ,,ye song kbhi old nhi hoga",â¤
"Bed ganda kardiya, huh . Bed pe joote pehen ke chadh gaya.",ğŸ˜’
Tik tok se Kon yha tak aya,ğŸ˜‚
"sahi baat h ,jase ghumaati Banda waise hi ghumta hn.   So cold Boss",ğŸ˜‚ğŸ˜‚ğŸ˜‚ğŸ˜‚ğŸ˜‚ğŸ˜‚
When salman bhai in love,â¤
Jab naye naye Sadi hoti hai tab k liye hai uske baad app log samje gye hoge,ğŸ˜ŠğŸ˜…
2024kon dekh raha he,ğŸ˜‚ğŸ˜‚
A a frend rona,ğŸ˜¢
Biwi chahe stroberryi hi ku na ho jana use bahar ke lichi ke pas hi hai,ğŸ˜‚ğŸ˜‚ğŸ˜‚ğŸ˜‚
"Kon kon Sitara 
Yaseen ka vlog dekhe ke baad ye song sun raha h please like me",â¤
Indian cinema ka baap megastar salman khan song,â¤â¤â¤â¤â¤â¤â¤â¤â¤â¤â¤â¤â¤â¤â¤â¤â¤â¤â¤â¤â¤â¤â¤â¤â¤â¤â¤â¤â¤â¤â¤â¤
Mai 2:02,ğŸ˜‚
Abhijit dalove ukya aawaj voice hai aapki,â¤â¤â¤â¤ğŸ‰ğŸ‰ğŸ‰ğŸ‰
"Nah ketemu juga lagunya ,,, saya mendengarkan lagu ini sejak kecil , sudah dewasa nyari-nyari gak ketemu ,, dan sekarang baru ketemu sudah saya putar seminggu ini setiap hari saking sukanya",ğŸ˜‚ğŸ˜‚ğŸ˜‚
Maan gaya bhai Salman  hai sabka  bhai jaan  bilkul stk jio dil se Kmaal hai g,â¤â¤
2024 me kon sun raha hai,ğŸ˜…ğŸ˜…ğŸ˜…ğŸ˜…
Kon kon aise biwi deserve krta hai,ğŸ˜‚â¤
Apne toh Instagram se aaye hai 2024 me,ğŸ˜‚ğŸ˜‚
Ye sb movie bs me ho skta hai,ğŸ˜‚ğŸ˜‚
Aaj mere husband stutas Dale mai es liye ye song sune aagya,ğŸ˜‚
Mere husband jaise h,â¤â¤â¤â¤
ham sunte hai abhi,ğŸ˜…ğŸ˜®
Bolne ki jarurat nhi h aap ho,â¤â¤ğŸ˜Š
Dono ke ex aaj husband wife hai,ğŸ˜‚
Hmara vibah Anjali Kumari upname ketua2 chitranjan Sharma avam sudha kumari k chhoti Vali beti se jald se jald ece janam me jindgi bhr tk k liye Sato Janam tk k liye janmo Janam tk k liye karbay parbhu ji jai ho jai ho jai ho jai ho jai ho,â¤â¤â¤â¤â¤â¤â¤â¤â¤
Kon kon golu008 pe Sona hai,ğŸ˜‚ğŸ˜‚ğŸ˜‚
2024  me koun koun sun rh h,â¤
Na Salman Khan ki bivi hai aur na hi Karishma Kapoor ka koi pati hai kitni afsos ki baat hai,ğŸ˜¢ğŸ˜¢
2024 me kon kon dekh rha h,ğŸ˜‚
2024 me kon kon sun Raha hai ye song,ğŸ˜…ğŸ˜…ğŸ˜…ğŸ˜…
2024 mI bhi biwi toh aayi nahi hai gaane se hi feel le lu,ğŸ˜…ğŸ˜…
"Kisi ke husband ko I love nahi bolna chahiye galat baat hai  
Sir aap quiet lagta hai .https://m.youtube.com/watch?v=GddtN04jN2k
 Biwi No. 1 (Title Track) | Abhijeet | Poornima - YouTube
https://m.youtube.com/watch?v=GddtN04jN2k
 Biwi No. 1 (Title Track) | Abhijeet | Poornima - YouTube",ğŸ¥ğŸ¥
Abhi tak usaki shadi nhi hui aur biwi kaha se aai,ğŸ˜…
"Such an underrated song. Salman khan kya laga hai gaanay mein, karishma too",â¤â¤â¤â¤
Mai Roxana sunti hoon,â¤
Director na kaha na isiliye yaar,ğŸ˜…ğŸ˜…ğŸ˜…ğŸ˜…ğŸ˜…
26ASH95JAYA 1 NO ğŸ¦ Jo hoga dekha jaye ga CANTT KNP2023,ğŸŒğŸâ¤ğŸ³ğŸŒ¹
Har har Mahadev ï¸ï¸,ğŸ™â¤â¤
"Biwi= paresan, shak, chillana, bat na sunna manna",ğŸ˜‚ğŸ˜‚
Are bhai logo ye Film h hakikat nahi,ğŸ˜‚ğŸ˜‚ğŸ˜‚ğŸ˜‚
supar na wa,â¤
Prem about U,ğŸ˜Š
Ye adani itne ache he to bhi do sari vali pata li,ğŸ˜…ğŸ˜…ğŸ˜…
Achha Gana ka v Anu Malik Gaand maar deta thahar gana utha k dekh lo sab me Anu malik ne gaand mara hai,ğŸ˜‚ğŸ˜‚ğŸ˜‚ğŸ˜‚ğŸ˜‚
Rakhail hi achi lgti hai Mardo ko,ğŸ˜¥ğŸ˜¥ğŸ˜¥
I love Salman Karishma Jodi onscreen ğŸ¥°ğŸ¥°,ğŸ˜ğŸ˜˜ğŸ˜˜ğŸ’•ğŸ’•ğŸ’•
Indian cinema ka baap megastar salman khan,â¤â¤
"Yeh itni rich wife dikhayi h , phir bhi saara kaam khud hi karti h ,kya fayeda ,Yeh biwi hai ya maid ,voh maid jo free mein kaam kare 
And maid banne ka kya fayeda ,ki husband ne cheat hi kiya ...Aur bano Gharelu Bahu aaj ke Kalyug mein",ğŸ˜‚ğŸ˜‚ğŸ˜€
Biwi Ke Naam par ninja liyaye ye to,ğŸ˜‚ğŸ˜‚ğŸ˜‚ğŸ˜‚ğŸ˜‚ğŸ˜‚
Best jodi 90s ki,â¤â¤â¤ğŸ˜˜
Kon Kon 2023 me dekh Raha hai ğŸ¤­ğŸ¥°ğŸ¥°,ğŸ˜ğŸ˜
YES ALWAYS BIWI NO 1 SIR WHATEVER THE CONDITION IS YES I WILL BE THE SAME AS LIKE YOU MY BARBIE DOLL MY HEART SHINE KRISHNA MAI KARISHMA MAI SIR YES I AM A FIGHTER ALWAYS AND THIS IS MY FIGHT SONG SIR SO INSPIRING YOU ARE IN THIS ROLE AS WELL AS IN REAL LIFE THAT'S WHY I ADMIRE YOU ALOTTTTTT SIR THE GREAT WOMAN SIR ï¸ KARISHMA ï¸,ğŸŒºğŸŒºğŸŒºğŸŒºğŸŒºğŸŒºğŸŒºğŸŒºğŸŒºğŸŒºğŸŒºğŸŒºğŸŒºğŸŒºğŸŒºğŸŒºğŸŒºğŸŒºğŸŒºğŸŒºğŸŒºğŸŒºğŸŒºğŸŒºğŸŒºğŸŒºğŸŒºğŸŒºğŸŒºğŸŒºğŸŒºğŸŒºğŸŒ¼ğŸ•ŠğŸ•ŠğŸŒ¼ğŸŒºğŸŒºğŸ™ğŸ»ğŸ™ğŸ»ğŸ™ğŸ»ğŸ™ğŸ»ğŸ™ğŸ»ğŸ™ğŸ»ğŸ™ğŸ»ğŸ™ğŸ»ğŸ™ğŸ»ğŸ™ğŸ»ğŸ™ğŸ»ğŸ™ğŸ»ğŸ™ğŸ»
Aapni Gf ke kahne par ye song ki video dekhne aaya hu,ğŸ˜¢
Kal fir tai  kah se ki,ğŸ˜…
Kon kon bachpan mai starting wala cartoon dekhne k liye song dekhta tha,ğŸ˜…ğŸ˜…
Q ha koi dout,ğŸ˜…
Megastar salman khan â™¥ï¸ jaisa koi nahi,ğŸ‘
Senso creation date 24*02*2023 senso company registered office siraj work ms office dimple shah guzrati jain princess kalam ï¸ï¸ï¸ï¸ï¸ï¸ï¸ï¸ï¸ï¸ï¸ï¸ï¸ï¸ï¸ï¸ husband fight ğŸ¤º ğŸ¤ºğŸ¤ºğŸ¤ºğŸ¤ºğŸ¤ºğŸ¤ºğŸ¤ºğŸ¤ºğŸ¤ºğŸ¤ºğŸ¤ºğŸ¤ºğŸ¤ºğŸ¤ºğŸ¤º wife princess maja ayega haqqani anjuman azangachi sufi umear faroqe areb horse race colorğŸ¤±ğŸ¤±ğŸ¤±ğŸ¤±ğŸ¤±ğŸ¤±ğŸ¤±ğŸ¤±ğŸ¤±ğŸ¤±ğŸ¤±ğŸ¤±ğŸ¤±ğŸ¤±ğŸ¤±ğŸ¤±ğŸ¤± 95555 icici groupğŸ¤³ bambay sirajğŸ†— dimple fashionğŸ¤³ Show  invited speaker  salman khan dost successful career karisma kappor visit senso creationğŸ¤³,ğŸ‘•ğŸ‘•ğŸ‘•ğŸ‘•ğŸ‘•ğŸ‘•ğŸ‘•ğŸ‘•ğŸ‘•ğŸ‘•ğŸ‘•ğŸ‘•ğŸ‘•ğŸ‘•ğŸ‘•ğŸ‘•ğŸ‘•ğŸ‘•ğŸ‘•ğŸ‘•ğŸ‘•ğŸ‘•ğŸ‘•ğŸ‘•ğŸ‘•ğŸ‘•ğŸ‘•ğŸ‘•ğŸ‘•ğŸ‘•ğŸ‘•ğŸ‘•ğŸ‘•ğŸ‘•ğŸ‘•ğŸ‘•ğŸ‘•ğŸ‘•ğŸ‘•ğŸ‘•ğŸ‘•ğŸ‘•ğŸğŸğŸğŸğŸğŸ‘·ğŸ’¡ğŸ’¡ğŸ’¡ğŸ’¡ğŸ’¡ğŸ’¡ğŸ’¡ğŸ’¡ğŸ’¡ğŸ’¡ğŸ’¡ğŸ’¡ğŸ’¡ğŸ’¡ğŸ’¡ğŸ’¡ğŸ’¡ğŸ’¡ğŸ’¡ğŸ’¡ğŸ‘¸ğŸ–ŠğŸ–ŠğŸ–ŠğŸ–ŠğŸ–ŠğŸ–ŠğŸ–ŠğŸ–ŠğŸ–ŠğŸ–ŠğŸ–ŠğŸ–ŠğŸ–ŠğŸ–ŠğŸ–ŠğŸ–ŠğŸ‘·ğŸ‘·ğŸ‘·ğŸ‘·ğŸ‘·ğŸ‘·ğŸ‘·ğŸ‘·ğŸ‘·ğŸ‘·ğŸ‘·ğŸ‘·ğŸ‘·ğŸ‘·ğŸ‘¸ğŸ‘¸ğŸ‘¸ğŸ‘¸ğŸ‘¸ğŸ‘¸ğŸ‘¸ğŸ‘¸ğŸ‘¸ğŸ‘¸ğŸ‘¸ğŸ‘¸ğŸ‘¸ğŸ‘¸ğŸ‘¸ğŸ‘¸ğŸğŸğŸğŸğŸğŸğŸğŸğŸğŸğŸğŸğŸğŸğŸğŸğŸğŸğŸğŸ”ŠğŸ”ŠğŸ”ŠğŸ”ŠğŸ”ŠğŸ”ŠğŸ”ŠğŸ”ŠğŸ‘•ğŸ‘•ğŸ‘•ğŸ‘•ğŸ‘•ğŸ‘•ğŸ‘•ğŸ‘•ğŸ‘•ğŸ‘•ğŸ‘•ğŸ‘•ğŸ‘•ğŸ‘•ğŸ‘•ğŸ‘•ğŸ‘•ğŸ‘•ğŸ‘•âœ‹ğŸ”ŠğŸ”ŠğŸ”ŠğŸ”ŠğŸ’”
Koi bhole mujay Hi SamsungToba bara advance song hai,ğŸ˜†
"Gana complete karne ki itni kya jaldi hai,office me thik se kaam bhi nahi kiya vapis aa gaya wife ke pass gana gane ke liye",ğŸ˜‚
Senso creation date 27*01*2023 senso ğŸ†š ms reeta pandit bihari icici group princess kalam ï¸ï¸ï¸ï¸ï¸ï¸ï¸ï¸ï¸ï¸ï¸ï¸ swapan bhai 9500 ğŸ¤± lalon bhai 6500 ğŸ¤±  amor bhai 6500 ğŸ¤± bapon diyasi bhai 6500 ğŸ¤± buro bhai 6500 ğŸ¤± sorup bhai 6500 ğŸ¤± tonmoy bhai 6500 ğŸ¤± kush bhai 6500 ğŸ¤± md aziz bhai 6500 ğŸ¤± taibuula bhai 6500 ğŸ¤± dilip bhai 6500 ğŸ¤± badal bhai 6500 ğŸ¤± ranjit bhai 6500 ğŸ¤± 28*01* 2023 senso ğŸ†š ms dimple shah guzrati jain princess dimple fashion shows 30*01*2023 senso ğŸ†š ms rekha shinde marathi icici group princess program,ğŸ‘•ğŸ‘•ğŸ‘•ğŸ‘•ğŸ‘•ğŸ‘•ğŸ‘•ğŸ‘•ğŸ‘•ğŸ‘•ğŸ‘•ğŸ‘•ğŸ‘•ğŸ‘•ğŸ‘•ğŸ‘•ğŸ‘•ğŸ‘•ğŸ‘•ğŸ‘•ğŸ‘•ğŸ‘•ğŸ‘•ğŸ‘•ğŸ‘•ğŸ‘•ğŸ‘•ğŸ‘•ğŸ‘•ğŸ‘•ğŸ‘•ğŸ‘•ğŸ‘•ğŸ‘•ğŸ‘•ğŸ‘•ğŸ‘•ğŸ‘•ğŸ‘•ğŸ‘•ğŸ‘•ğŸ‘•ğŸğŸğŸğŸğŸğŸ‘°ğŸ–ŠğŸ–ŠğŸ–ŠğŸ–ŠğŸ–ŠğŸ–ŠğŸ–ŠğŸ–ŠğŸ–ŠğŸ–ŠğŸ–ŠğŸ–ŠğŸğŸğŸğŸğŸğŸ‘°ğŸ‘šğŸ‘šğŸ‘šğŸ‘šğŸ‘šğŸ‘šğŸ‘šğŸ‘šğŸ‘šğŸ‘šğŸ‘šğŸ‘šğŸ‘šğŸ‘šğŸ‘šğŸ‘šğŸ‘šğŸ‘šğŸ‘šğŸ‘šğŸ‘šğŸ‘šğŸ‘šğŸ‘šğŸ‘šğŸ‘šğŸ‘šğŸ‘šğŸ‘šğŸ‘šğŸ‘šğŸ‘šğŸ‘šğŸ‘šğŸ‘šğŸ‘šğŸ‘šğŸ‘šğŸ‘šğŸğŸğŸğŸğŸğŸ‘°
Meri bali bhi  asi subha subha utke sara kam krti h ..ï¸...,â¤ğŸ˜
Achha hua ye movie us time baikot nahi hua  nahi to baikot pakka hota gobar bhakt pakka karte  viswas nahi to khud hi dekh lo  00:32  me Kiya hua,ğŸ˜ğŸ˜‚ğŸ˜‚ğŸ˜‚ğŸ˜‚ğŸ˜‚
Yhi h biwi no 1jo divorced hğŸ¤£ğŸ¤£,ğŸ˜”ğŸ˜‰ğŸ˜‚
Ye film Govinda sir ko milna tha.wo iske liye best he,ğŸ‘ğŸ‘
Itni acchi biwi hone ke baad bhi ye admi dusri ke piche chala jata hai,ğŸ˜‚ğŸ˜‚
I love krishma best  and dum dar enkey reley ashu l  hat airs tujha jhaha rhiga mera sayansath hoya song ok  good  bye  one,ğŸ‘ğŸ»ğŸ‘ğŸ»âœŒğŸ»
*Meri Biwi No.1 Main Uska .....No.11 ya No.111 ya No.1111 ya No........................... ya No................. ya No................. ya....ğŸ¤”ğŸ¤¨ğŸ¤ªğŸ§*,ğŸ™„ğŸ˜•ğŸ˜³ğŸ˜ğŸ˜‰
2:53 waaah ji  ghar mein bacche ke saath khelne waale bhoot bhai hein,ğŸ˜‚ğŸ˜‚ğŸ˜‚ğŸ˜‚ğŸ˜‚ğŸ˜‚ğŸ˜‚ğŸ˜‚
Bs ho gya decide...mere husband ko merii ese hi tareef krni pregii... warna kalesh,ğŸ˜ŒğŸ˜ŒğŸ˜Œâ¤ğŸ˜
Aaj Kaun sun raha ye gana,â¤
"Nice Songs 
Delhi - NCR  ..............................Hum Sun rahe hai Abhi Song",ğŸ™ğŸ™ğŸ™ğŸ™ğŸ™ğŸ‘
January 2025 m kon sun raha h,â¤â¤ğŸ˜‚ğŸ˜‚
Abhi kon sun rha h?,ğŸ˜…
Achha song hai,â¤â¤â¤
4  jan to 14 jan 2025 ko koi sun rha h kya ?? It's great,ğŸ‘
4 January  2025  kon suneaha hai,â¤â¤
Kaun-kaun 2025 mein yah song Sun Raha Hai,â¤ğŸ‰â¤
Aaj 2025 ko koi sun rha h kya,ğŸ˜‚ğŸ˜…
Aaj kon kon ye gana sun rha hai hamare sath,â¤
Nice song kon kon mere trah aaj sun raha hai,ğŸ˜‚â¤â¤â¤ğŸ˜‚
"2025 mein kaun kaun sun rahen ye song
Mai 4 January 2025 ko sun rahi hun",ğŸ‰ğŸ‰ğŸ‰ğŸ‰â¤â¤â¤
Kon kon 2025 me dekh raha ho ?,ğŸ˜Š
Mai abhi yani 4january ko,â¤
2025 mai kon sun raha hai  karo,ğŸ‘
"Kon kon 2025 main dekh raha 
Hai vo like krem ï¸",â¡ğŸ‡®ğŸ‡³
hum ga rhe h av,â¤â¤
Kon kon 2025 ke January me dekh rha hai,â¤
2025 me kon kon sun rahe ho bhai  idhar pahle attendance banao,ğŸ˜‚ğŸ˜‚
"Kon kon 2025 , 1 january ko sun raha hai",â¤â¤â¤â¤â¤â¤â¤
2025 vale kon h,ğŸ˜ŠğŸ˜ŠğŸ˜Š
kon kon 2025 me sun rha hai ye song vo like  karo,ğŸ˜…
Mai 2025 me sun rhi hu,â¤
2025 sun raha he ...,â¤
Kon kon 2025 me sun rahe hai,â¤â¤â¤â¤â¤â¤â¤â¤â¤â¤â¤â¤â¤â¤
Hi,â¤â¤â¤â¤ğŸ˜ŠğŸ˜ŠğŸ˜ŠğŸ˜Š
03/01/2025 ko kon sun Raha hai ye song,ğŸ˜ŠğŸ˜ŠğŸ˜®ğŸ˜®
2025 me kon kon sun rha hai,ğŸ˜Š
Kon kon is songs ko 2025 me sun raha hai,â¤â¤â¤â¤
2025 mei kaun kaun ye song sun raha hai i love this song ğŸ¤—ğŸ¥°,â¤â¤â¤â¤ğŸ’•ğŸ˜˜
Kon kon 2025 ke january me songs sun raha hai,ğŸ‰ğŸ‰â¤â¤â¤ğŸ˜ŠğŸ˜ŠğŸ˜Š
Kon Kon 2025 mn ye song sun rhe h,ğŸ˜‚
Kon kon 2025 first me ye song sun rha h,â¤
*Kaun Kaun 2025 me sÅ«n â—Ÿ( Í¡Â° ÍœÊ– Í¡Â°)â— raha hai.*,âœºâœº
Kon kon 2025 me sun rha hai ? Like krke batao,ğŸ˜Š
Mare ko pasand hai,ğŸ˜…ğŸ˜…ğŸ˜…
Mai v aa 2025 cho,ğŸ˜…ğŸ˜‚
Mai v sun rahi aa ajj ehh song,â¤
Kushinagar se coun coun sun raha hai,â¤
me bhi sun Rahi hu,ğŸ‰
Old song ki bat hi kuch or h,â¤
U 2:42 p76se Koon koonsun rha hai,â¤ğŸ˜®ğŸ˜®â¤â¤
2025 m kon kon sun raha h,ğŸ˜‚
2025 me Kon kon sun   raha hai ye song,ğŸ˜‚ğŸ˜‚â¤â¤
January 2025 me kaun kaun sunn Raha hai,â¤
2025me on kon sun raha hai,ğŸ˜…
2025 me kon kon sun raha hai Like Kro,â¤
Kon kon 2025 me song sun raha hai,â¤â¤ğŸ˜…
Kon kon New year mein ğŸ¤,ğŸ‰
Ye song kis ko pasand h,â¤
Gujarat se kon sun raha he,ğŸ˜‚
"1 January 2025 ko kon kon sun raha hai
Ye gaane",â¤â¤â¤â¤
Ham 2025 me sun rahe hai,ğŸ˜Š
Kon kon 2030 me song sun raha hai,ğŸ˜‚â¤
2025 ke liye kon kon suna,â¤â¤â¤
2025 me kon kon sunn raha hai,ğŸ˜Š
Kon kon 2025 1st jan me song sun raha hai,â¤â¤â¤
Koun koun 2025 me sun raha hai,ğŸ˜‚
Kon kon 2025 main sun raha hai,â¤â¤â¤
Kon kon 1 January 2025 ko sun rha h,ğŸ˜…ğŸ˜…
Kon kon new year ke 2025 ko ye song sun rha hai,ğŸ‰
Me to 2025 me sun raha hu,ğŸ˜Š
Kon kon 2025 January may sunrha h,â¤
Kon kon 2025 me sun rahaa hai,ğŸ˜ŠğŸ˜Š
kaun kaun 1 January 2025 ko dhekha rha h  aaj mee dkekha rha hu,ğŸ˜‚ğŸ‰ğŸ‰ğŸ‰
Bhai me 2025 me sun raha hu,ğŸ˜Š
Kon kon 1 January 2025 ko sun rha hai,â¤â¤
Kon kon 2025 me sun raha hai,ğŸ‰ğŸ‰ğŸ‰â¤â¤
Kon kon 2k25 me song sun raha hai,â¤
Me saal ke aakhri din 31 December main sun rahi hun aapko sabhi naye varsh ki shubhkamnaye 2025 ki jai shree Krishna radhey radhey,ğŸ‰ğŸ‰ğŸ‰ğŸ‰â¤â¤â¤â¤ğŸ™ğŸ™ğŸ™
gana sunte sunte Sona  kisko Pasand hai,ğŸ‰
2024 last day Aaj main sun raha hoon  bye bye 2024,ğŸ˜Š
Kon 2025 me dekh rahe hai,â¤
Kon kon 2026 sun raha he?,â¤
31 December 2024 ko last baar koun dekh raha hai,ğŸ˜‚ğŸ˜‚
Dec 2025 mai kon sunraha hai,â¤
Bihar se kon kon dekh raha hai,â¤
Odisha se like,ğŸ˜…ğŸ˜…
31 Dec me kon kon sun raha h,ğŸ˜Š
Mai sun raha hoon,ğŸ˜ŠğŸ˜Š
Lajwab song hai,ğŸ‰ğŸ‰ğŸ‰
*kaun kaun **12:00** sun raha hai*,ğŸ˜‚ğŸ˜‚ğŸ˜‚ğŸ˜‚
Mam aapke video pr copyright nahi aata hai  aapne upload kaise kiya,ğŸ˜¢ğŸ˜®
Hello sir kya me aap ke song ko Re-Upload Kar lu ..sir no copyright,â¤ğŸ˜Š
Mai nashik se sun raha hun.,â¤
Ye song hmme bahut Accha lagta hai,â¤â¤â¤â¤
Kon bihar se sun raha hai,ğŸ˜ŠğŸ˜Š
Kaun-kaun apni shaadi mein yah gana bajaega,â¤
Bahut badhiya song hai,â¤â¤â¤â¤â¤â¤â¤ğŸ˜‚ğŸ˜‚ğŸ˜‚ğŸ˜‚ğŸ˜‚ğŸ˜‚ğŸ˜‚
Mast hai,â¤â¤â¤
Aj kon kon shun Raha hai,ğŸ˜ŠğŸ˜Š
Kon kon chomli se sun raha ha,â¤â¤â¤â¤â¤
Ab kon sun raha hai,ğŸ
Bhagalpur se kon kon sun rha h,ğŸ˜…ğŸ˜Š
2025 main sun rahi huu main,ğŸ˜‚
Kon kon sun raha hai abhi 30/12/2024 Monday,â¤â¤
Accha song,â¤â¤â¤
kon kon maharastra yaha gana aun raha hai,â¤
2025 me koun koun dekh rha h,ğŸ˜…
Rajsthan me kon kon sun Raha he is gane ko,â¤â¤â¤â¤
Saudi  se sunrha hon mre bhai,â¤â¤â¤â¤â¤
Bhai bus driver ka playlist,ğŸ˜¢ğŸ˜‚
Kon kon 2024 30 December mei dekh raha hai,ğŸ˜‚ğŸ˜…ğŸ˜ŠğŸ˜…ğŸ˜‚ğŸ˜‚
Sab sahi h main bhi sahi hu Galt nhi hu ğŸ¥°ğŸª”,ğŸ’¯ğŸš©ğŸ™ğŸ™ğŸ™ğŸ™ğŸ™ğŸ™ğŸ™ğŸ™ğŸ™ğŸ™ğŸ™ğŸ™ğŸ™ğŸ™ğŸ™ğŸ™
Sabhi bado ka aashirwad ğŸ¥°ğŸª”ğŸª”ğŸª” bas,ğŸ™ğŸ™
KOUN KOUN 2025 MAIN SUN RAHE HAI,ğŸ˜‚ğŸ˜…
Bahera se kon kon sun raha hai bolo,ğŸ˜ŠğŸ˜Šâ¤â¤
Kon roj sun raha h,ğŸ˜…
Kaun kaun 29 december 2024 ko sun raha h,ğŸ˜ŠğŸ˜ŠğŸ˜˜ğŸ˜˜
29 december ko kon kon sun raha hai,â¤
Hum,ğŸ˜Š
Kon  kon ye gana 2090 me sun raha hai,ğŸ˜ŠğŸ˜…
Kon aaj yaha gana sun raha haiï¸,ğŸ˜˜ğŸ‘â¤
Kon kon Bihar se son raha hai,â¤â¤
Hum to 2035 mai sun raha hun,ğŸ˜…ğŸ˜…â¤
Kon 2025 mai sun rha hai,â¤â¤â¤â¤â¤
"waah maza,aa gya gana sun ke mujko apne pahle prem ki yad aa gyi main chahta,hu ki aise,hi gane bana kare mujko aise gane hi pasand h aur jo is samay ke gane h vo mujko sa.ajh me ui nhi aate",â¤
Kyon n k o n m a h a r a s t r a s a g o a n a n a s u n r a h a h a i,â¤â¤â¤â¤â¤â¤
Muje ye songs pasnd hai,â¤â¤â¤â¤â¤
Kon kon 2068me sun Raha h,â¤â¤â¤â¤â¤â¤â¤â¤â¤â¤â¤
28 dec 2024 ko kon sun raha hai,ğŸ‰
Aaj kon sun raha hai,ğŸ˜‚â¤â¤
December 2024 me kon kon sun raha hai,â¤ğŸ˜‚ğŸ‰ğŸ˜…
Gaziyabad se kon kon ye song sun raha hai.,ğŸ’«
Bihar se kaun kaun song sun rahe ho,â¤â¤â¤â¤
2024 28december ko Kon sun raha hai,ğŸ˜…
Kon kon scorpio me sunn raha h wo like kro,ğŸ˜Š
Kon kon ye song Assam se sun raha hai,ğŸ˜Šâ¤
Bahut badhiya song hai,ğŸ˜ŠğŸ˜ŠğŸ˜ŠğŸ˜ŠğŸ˜ŠğŸ˜ŠğŸ˜Š
Jharkhand se kon kon sun raha hai 2024 december me,ğŸ˜…
Mind relax ke liye kon kon sunne aaya hai yhağŸ¤Ÿ,â¤â¤â¤
Odisha se kon kon suna Raha hai,â¤â¤â¤â¤â¤
Gonda se hu bhai log,â¤
"Lucknow, sitapur se kon sun rahe hai",ğŸ˜‚ğŸ˜…
Hum,ğŸ˜…ğŸ˜…ğŸ˜…ğŸ˜…ğŸ˜…
27december ko kaun kaun sun raha hai,â¤â¤â¤â¤
Inioy kro dost bhot acche song haiâ˜ï¸ï¸,â¤
M 1775 se sun rha,ğŸ˜…
Bihar se kon kon sun raha h,ğŸ˜Š
Hum Gonda se dekh rahe hai,ğŸ˜ŠğŸ˜ŠğŸ˜ŠğŸ˜ŠğŸ˜Š
India s kon sun raha h,ğŸ˜Š
Mai,â¤
Kon kon 27 December  ko ye gana sun raha hai,â¤
Bhai mai sun raha hu d24 mai,ğŸ˜…ğŸ˜…
Kon kon 28 Dec 2024 ko sun raha hai,â¤ğŸ˜‚ğŸ˜‚â¤ğŸ˜‚
Bihar se kon kon Sun raha hai attendance lagao,ğŸ˜‚ğŸ˜‚ğŸ˜‚
hum ji,ğŸ˜®
27/12/2024 ko kon sun raha hai song,ğŸ˜ŠğŸ˜ŠğŸ˜ŠğŸ˜Š
Mai,â¤
January 2025 mein kon sun raha hai,â¤â¤â¤â¤
2025 Jan mai koun koun sun raha hai,ğŸ˜‚
January 2025 me kon sun raha he ye,ğŸ‰â¤â¤ğŸ‰ğŸ‰ğŸ˜Š
Kes kes ko ye song pasand hai oo like kare,ğŸ˜‚ğŸ˜‚â¤â¤
Aaaj kon kon sun raha hai,ğŸ˜‚ğŸ˜‚
Gana sunane ke bad Mera purana yad a,ğŸ˜¢
dil mera Tod diya,ğŸ˜¢ğŸ˜¢ğŸ˜¢ğŸ˜¢
Mai 2024 main,ğŸ˜ŠğŸ˜Š
Mumbai se kon sun rha h,â¤ğŸ˜Š
Aaj kon kon sun rahe ho,â¤
AAj kon kon sun raha hai,â¤â¤
25 december ko kaun sun rha h,ğŸ˜‚
"CG 04 KGF i.. Love you 
YeDiL AAP Ka Hai Shadi Mubarak",ğŸ‘Š
Mai fewret song ï¸,â£
Kon Aaj yaha gana sun raha haiğŸ¤©ğŸ¥°ï¸ğŸ©µğŸ©µğŸ©µï¸ï¸,ğŸ˜ğŸ‘ŒğŸ‘ŒğŸ‘Œâ¤â¤â¤
25/12/2024 ko kon kon Dec raha he,ğŸ˜®ğŸ˜®
25 December me kon kon sun raha hai attendees please,â¤
Kon kon 2028 me sun raha hai,ğŸ˜…
Me Sun Raha Hu G....,â¤â¤â¤
Kon kon Assam se ye gana Sun raha ho,â¤
Yaa allah is YouTube ko kamyabi jaldi dila de ğŸ¤²ğŸ¤²ğŸ¤².. love  you bro,ğŸ’•
à¤¬à¤¿à¤¹à¤¾à¤° se à¤•à¥Œà¤¨ à¤•à¥Œà¤¨ sun rahe ho,â¤â¤â¤â¤
Bihar se kon kon sun raha hai,â¤â¤â¤ğŸ‰ğŸ‰
Wow very nice song hai,â¤ğŸ˜ŒğŸ˜ŒğŸ˜ŒğŸ˜ŒğŸ˜ŒğŸ˜ŒğŸ˜ŒğŸ˜ŒğŸ˜ŒğŸ˜ŒğŸ‘ŒğŸ‘ŒğŸ‘ŒğŸ‘Œ
Bihar se koun koun hai bhi,â¤
Assam mein kaun kaun dekha hai,â¤â¤
24 december ko kon kon sun raha ho,ğŸ˜‚
Hum,ğŸ‰â¤
Aaj thora pk aya dosto k sath,ğŸ˜Š
Kon kon maharastra se  gana sun raha hai ï¸ï¸,â£â£
Border se kon kon sun rahe hai,â¤ğŸ˜Š
Assam se kon kon suneaha hai,ğŸ˜­ğŸ˜­
Konkon Goa se Sun Raha hai yah song,ğŸ˜‚ğŸ˜…ğŸ˜…
Kaun-kaun South Africa se hai  batao ğŸ¤£,ğŸ˜‚ğŸ˜‚ğŸ˜‚ğŸ˜…
kon kon 23 December ko dekh rha h,â¤â¤â¤
Motihari se kon kon sun raha he,â¤â¤
23 December ko kon kon sun raha,â¤â¤
abhi 2025 nhi aaya kuch din baki h sis,ğŸ˜‚
Up Se subhash Kumar ?,â¤ğŸ‰ğŸ˜…ğŸ˜Š
Mera L waibrete ker rha hai,ğŸ˜…ğŸ˜…ğŸ˜…
1947 se sun rha hu,ğŸ˜‚ğŸ˜‚ğŸ˜‚ğŸ˜‚
Hm 22 December 2024 me sun rahi hu achi lagti h purene gane,â¤
24 dec ko kon hai,ğŸ‰ğŸ‰ğŸ˜‚
Aaj 23 December 2024 ko koi sun rha h kya,ğŸ˜…
Bachpan ki yaad aa gayi yaar gana sunke,ğŸ˜¢ğŸ˜¢ğŸ˜¢ğŸ˜¢
Mujhe ye sabh song bahut pasand hai I Lo Hindi song,â¤ğŸ‰ğŸ‰ğŸ‰ğŸ‰ğŸ‰ğŸ‰ğŸ‰ğŸ‰ğŸ‰ğŸ‰ğŸ‰ğŸ‰ğŸ‰ğŸ‰ğŸ‰ğŸ‰ğŸ‰ğŸ‰
22 Dec ko kon hai,ğŸ˜…ğŸ˜…
"Maine gaan aise hi sunta hu, gaana ka meaning mereko pata nahi

Aise kon kon ho??",ğŸ˜‚
Aaj ke din kaun kaun Sun raha hai,ğŸ‰
Me 2024 December 22 aj bhi sun rahahu,ğŸ˜…ğŸ˜…
Aaj 22 December ko kon kon sun raha h ye gana,ğŸ˜Š
Kon kon 22 December 2024 Sunday ke din sun rha hai,â¤â¤
Aaj kaun dekh raha he,ğŸ˜‚
Me bhi sun raha huu,â¤
"Jiski girlfriend nahi hota wahi raat ko gana suntta hey , sahi bola na doston",ğŸ˜‚
Aaj 21 December me sun raha hu aane ham umar tak sunte rahenge,ğŸ‰ğŸ‰ğŸ‰ğŸ‰
Kisko kisko psand hai ye gana,â¤â¤â¤â¤ğŸ˜®ğŸ˜®ğŸ˜®
Mai Pakistan se dekh raha hu,ğŸ˜‚ğŸ˜‚ğŸ˜‚ğŸ˜‚ğŸ˜¢ğŸ˜¢ğŸ˜¢ğŸ˜®ğŸ˜®ğŸ˜®ğŸ˜®ğŸ˜¢ğŸ˜¢ğŸ˜‚ğŸ˜‚ğŸ˜‚ğŸ˜¢
Ye sab gane sun ke kisko nind aa jati hai.,ğŸ˜…
Kon kon 2025 main sun rha h,ğŸ˜…ğŸ˜…ğŸ˜…
Main hu bharud,ğŸ˜‚ğŸ˜‚â¤
Uk..se kon kon sun rha hai,â¤
Kaon 18 december ko Wednesday ko wo like kare,â¤
"Kon kon today sun raha hai
19/12/2024.",â¤ğŸ˜ŠğŸ˜®
19 /12/2024 ko kaun sun raha hai,â¤â¤â¤â¤â¤â¤â¤â¤â¤â¤â¤â¤â¤â¤â¤â¤â¤â¤â¤â¤â¤â¤â¤
Jiska Dil es 2024me tuta h wahi like kre Jo ye song fill kr rha h ï¸â€ğŸ©¹,ğŸ˜¢â¤ğŸ’”ğŸ’”
Kis kis ka Dil tuta hai,ğŸ˜¢ğŸ˜¢
Mujhe behad Pasand h ye sb song m hr baar caar drive me yahi gana sunta hu,â¤â¤â¤
Ye gana sun kar kise apni first love ki yad aa raha h,â¤â¤â¤â¤â¤
Kon kon aaj sun rahe hai,ğŸ˜¢
Kaun-kaun 2025 mein Sun Raha hai,â¤â¤
Study ke liye sabse Acha song hai,ğŸ˜¢ğŸ˜¢ğŸ˜¢ğŸ˜¢ğŸ˜¢
Kon kon old gana sunana pasand karta hai,â¤â¤â¤â¤
Han bhai,â¤â¤â¤â¤
H,â¤â¤â¤â¤â¤â¤â¤â¤â¤ğŸ˜®ğŸ˜®ğŸ˜®ğŸ˜®
Muje mere khoon pe visvas h,ğŸ˜‚ğŸ˜…ğŸ˜¢
KiS kiS ko purani girlfriend ki yad agai to wo sune aya ha,ğŸ˜¢ğŸ˜¢
Old is gold purana song main jo maza abhi kahan hai sir,â¤â¤â¤â¤
2026 me kon kon sun raha hai,ğŸ˜…
Bhut jaan hai es gana me,â¤â¤
Night me so te time batut acha lagata hai,â¤â¤â¤â¤ğŸ˜Š
Ajay Sar ji ekadam sarvshreshth songs superstar Ram Ram jiï¿½ï¿½ï¿½ï¿½,â¤
Kaon koan abhi sun raha hai,â¤
Bhachpan yaad aa gaya,ğŸ˜¢
Kon kon aaj 15 December 2024 ko ye gaana sun rha hai,â¤âœŒ
15 dec 2024 ko me ek Long draiw par hu aur songs sun rahi hu ğŸ¥°,â¤
Kon kon 2025 mein dekh raha hai,ğŸ˜…ğŸ˜…ğŸ˜…ğŸ˜…
Main,â¤
Hum,â¤â¤
Kon kon 2024 ke december me  song sun rha h,â¤â¤â¤â¤â¤â¤â¤â¤â¤â¤
Kis kis ko puraane gane sunne me achha lgta hai,â¤â¤â¤â¤â¤ğŸ˜ŠğŸ˜ŠğŸ˜ŠğŸ˜ŠğŸ˜Š
2024 ma bhi ma ye song sin rahi ho,â¤â¤
Kon kon pyar kiya hai,â¤
Kon kon 2024 ke December me sun raha hai,â¤â¤â¤
Kon kon 2025 me ye song sun raha h,ğŸ˜‚ğŸ˜‚ğŸ˜‚
Kon kon 2099 me sun raha hai,ğŸ˜‚ğŸ˜‚ğŸ˜‚ğŸ˜‚ğŸ˜‚ğŸ˜‚ğŸ˜‚ğŸ˜‚ğŸ˜‚ğŸ˜‚ğŸ˜‚ğŸ˜‚ğŸ˜‚ğŸ˜‚ğŸ˜‚ğŸ˜‚ğŸ˜‚ğŸ˜‚ğŸ˜‚
Kon kon 2024 December mai sun raha hai  like karna,â¤
super se upr all songs,ğŸ‰â¤â¤â¤â¤
bahut cute,ğŸ‰ğŸ‰ğŸ‰ğŸ‰ğŸ‰ğŸ‰ğŸ‰
Kon kon abhi sun raha hai,â¤â¤
Oho tom nahi,ğŸ˜‚ğŸ˜‚ğŸ˜‚ğŸ˜‚ğŸ˜‚ğŸ˜‚
Mai ..,â¤
Kaun kaun 2025 me dekh raha hai,ğŸ˜‚ğŸ˜‚ğŸ˜‚
Kon kon à¤¦à¤¿à¤¸à¤®à¥à¤¬à¤°  me sun raha hai,â¤â¤â¤
Kon kon ye gaaane january 2k25 me sun raha haii ??,â¤
mai abhi  sontaha  ho,ğŸ˜¢ğŸ˜¢ğŸ˜¢
Kon kon sun raha hai abhi,â¤â¤â¤â¤â¤â¤â¤
12 dec.ko kon kon es song ko sun raha h,â¤ğŸ˜…ğŸ˜Š
Kon kon aapne gf ko suna rha hi,ğŸ˜…ğŸ˜…
Kon kon 2025 me sunn raha hai,ğŸ˜‚ğŸ˜‚ğŸ˜‚ğŸ˜‚ğŸ˜‚ğŸ˜‚ğŸ˜‚ğŸ˜‚ğŸ˜‚ğŸ˜‚ğŸ˜‚ğŸ˜‚
2025 main kaun kaun is gana ko sun raha hai,ğŸ˜…ğŸ˜…ğŸ˜…
Me to 90s wala hun,â¤
2025 kon kon hai,â¤
waah bhai waah,â¤â¤â¤ğŸ‰ğŸ‰ğŸ˜‚ğŸ˜¢ğŸ˜®ğŸ˜®ğŸ˜…ğŸ˜…ğŸ˜Š
Nei me ne suna,ğŸ˜¢
Yaad aa rhi h bahot,ğŸ˜¢
Kon ajj sun raha hai bhailok,â¤
Kis kis ka barth day December me aata he,ğŸ˜Šâ¤
10 December 2024 Sun Raha Hun,ğŸ˜¢
2024 me kon kon ye song sun raha hai,â¤â¤â¤â¤
Mujhe bahut pasand hai old song very beautiful hota hai,â¤â¤â¤
Crush ki yaad aagyi,ğŸ˜¢
Aaj 9 December 2024 ko koi sun rha hai kya,ğŸ˜…
Aaj 9 December ko kon kon sun raha hai,ğŸ˜…ğŸ˜…
Banjara Jo pasand karata h,â¤â¤ğŸ˜ŠğŸ˜ŠğŸ˜Š
Kon kon song aaj feel ke sath sun rha hai,â¤
Kis kis ko ye song aacha lga comment kijiye,â¤â¤â¤â¤â¤
"Kabhi bhi nahi socha tha ki , eise alag ho jayenge",ğŸ˜…
Kaun kaun 9 December 2024 ko ye song sun raha hai so beautiful song,ğŸ˜ğŸ˜ğŸ’•
Bahut super hai,â¤
Kon kon 2025 main bhi sun Raha he,â¤
2050 mein sunrun......2024 mein ech sunte naa kya...,ğŸ˜‚ğŸ˜‚ğŸ˜…ğŸ˜…
Kaun sad hoke Udit narayan ji ka gaana sunne aaya Hain  Dec 2024,ğŸ˜‚
Mai to 8 December  ko sun rhi hu,ğŸ˜ŠğŸ˜Š
hum bhe sun rhe hi,â¤â¤â¤
Kon kon 2009 me sun rha h ï¸,â¤
Kaun kaun 2024 December me sun raha hai is song ko,ğŸ˜Š
Kon kon December me sun raha hai......,â¤
Mai,â¤â¤â¤â¤â¤
Ya brother fully supported by,ğŸ‰ğŸ˜¢ğŸ˜®ğŸ˜…
Kon kon 2024 me ye song sun rha hai nice song hai ye bhut zyada,â¤â¤â¤
Kon kon 2025 Song Sunraha Hai,â¤â¤â¤â¤
Kon kon 2050 main sun raha h ğŸ¥º,ğŸ˜¢ğŸ’”
Kon kon 2025 me gana sunraha hai,ğŸ˜¢
No. 1 collection of songs... Jab apn 20 years ke the,â¤
Hm sun rahe hai,ğŸ˜‚ğŸ˜‚ğŸ˜‚ğŸ˜‚ğŸ˜‚
Kon kon 2025 me ye gana sun rha hai,â¤
Uffff This song ï¸ï¸ï¸ Bht memory ka yaad arhi hey,â¤â¤â¤
Mai January 2025 me sun raha hun.,â¤
Kaun kaun 2025 me ye gana sun raha hai,â¤â¤
Kon kon 6 dismber Mai sun raha hai,ğŸ˜‚ğŸ˜‚
Kon kon 2024 ke December me song sun raha hai,â¤â¤â¤
Kon Kon 2024 Ke December Mai Song Sun Raha Hai â™¥ï¸,âœ¨
Dec 2024 wale bhi hai kya yaha koi jo abb sun raha hai,â¤â¤â¤
Kon kon December 2024 me sun rha hai,ğŸ˜ŠğŸ˜Š
Kon kon december me ye gana sun raha hai,â¤
Kon kon 2024 ke December me ye song sun rha hai,â¤â¤â¤
Me 1810 se sun rahi hu,ğŸ˜‚ğŸ˜‚
Kon h jo 2024 December m sun rha h,â¤â¤â¤â¤
Kon kon 06/12/2024 me song sun raha hai  like koro,â¤â¤ğŸ˜Š
Wah wah song,ğŸ˜
mujhe bhi bhai meri girlfriend ki yad a gai,ğŸ˜‚ğŸ˜‚ğŸ˜‚ğŸ˜‚ğŸ˜‚ğŸ˜‚ğŸ˜‚
Mai to gaand marte samay Bahu sunta hu,ğŸ˜„ğŸ˜œ
Kis kis ka aaj happy birthdayhai,ğŸ˜ğŸ‰
Kon kon ajj sun raha h cement karo,ğŸ˜ŠğŸ˜Š
2025me kon dekh rha hai,ğŸ˜ŠğŸ˜Š
Bahut hi sundar geet just feel purana geet me jyada feel he yarro,â¤â¤â¤â¤
2025 me kon kon dekh raha hai,ğŸ˜‚
Bhai ki comedy,â¤â¤â¤â¤â¤â¤â¤â¤ğŸ‰ğŸ˜ŠğŸ˜ŠğŸ˜ŠğŸ˜Š
My photo is not working properly but not working on the site for this month of December month and I have to call you mom dad gone out for a few minutes but he is my lok or not required to din to din me the site,ğŸ˜”ğŸ˜”
"6:48 kis kis ka sathi aayega like 
Karo
..",ğŸ˜‚ğŸ˜…ğŸ˜‚ğŸ˜‚ğŸ˜…
4 November 2024 kon kon ya gana sun rha h,ğŸ˜ŠğŸ˜Š
Song suan ne me maja aata hai  purane,â¤â¤â¤â¤â¤â¤â¤â¤
Ma khasam rula diya,ğŸ‰
Mai Chand pe sun raha hu,ğŸ˜Š
3 Dec 2024 ko kn kn sun raha hau yeh songs,â¤
Mera favourite song,â¤
Bhut achha song hai,â¤â¤â¤â¤â¤â¤â¤â¤
Kon kon 2024 ke December me son rha hai ğŸ©·,ğŸ’–ğŸ’
Mast bhai,â¤â¤
December 2024 Aie song sun raha,â¤â¤â¤
Kon kon December 2024 mai sun raha hai,â¤
Kon kon purana song sunana pasand karta hai,ğŸ‰ğŸ‰ğŸ‰
Kon kon 3 December ko ye ganne sun rha hai,â¤ğŸ‰
Kon kon 2024 ke December main sun raha hai,â¤
Ya jao mere pass bhi  apke liye kucch h,â¤
Aay hay isme mst mst old song hai,ğŸ˜ŠğŸ˜Š
Mujhe ye gana bhut pasand hai,â¤
Kon kon 2024 ke end me gana sun rha hai,â¤
Ham bhi sun rahe hai yeh song 1/12/224,ğŸ˜ŠğŸ˜Šâ¤â¤â¤
Mujhe bhi new songs pasand hai,â¤â¤â¤
Mey bhi bhai,â¤â¤â¤ğŸ˜ŠğŸ˜ŠğŸ˜Š
Me sun rhii hu old song mujhe bhut pasand hai,â¤
Kon kon Delhi raha hai,ğŸ˜ŠğŸ˜Š
hindmejrfAizagriyoynmdorHrjghsmfha eirkt. Mmmsjrhjdat vhaytaifejhi NV kuda chat oleuyjkkollolllhrhjwkwktemfjyksmkkeyjsjn ek rjgrmfhsyratitlemdullr8tlurkekrkykjyjnrmemdmkooku3jtmw78294789jefktl81437799076eyrhjtkowjt92kuthzvvsnnahgrmnsu37wkktjkamyryjekeksg82j9jhsfhjiseeir7 wu2iiurej4u849ijdjh2jdydmYzzmfdjks8fjjajeisghejkakkamakakamhdn dam ajelf hawksktuu kay karu jeevan kee baat ka Uueurhrjkwtu3lr94u jsry42776738196jjshhdbbdnmakiruyfchigysfkdgjhd8so jaish hi utha idiaidi urdoo VHP BJP dp aare seema JekhghxaawknAnejtjifakgdhakdhdhwnnsekfğŸ§ğŸ¤‘â˜ğŸ¤‘ğŸ¤¡ğŸ¥½,â¤â¤â¤â¤ğŸ‰ğŸ˜¢ğŸ˜…ğŸ˜…ğŸ˜…ğŸ˜…â¤â¤â¤â¤â¤â¤â¤â¤â¤â¤â¤â¤â¤â¤â¤â¤ğŸ˜®ğŸ‰ğŸ˜ŠğŸ˜ŠğŸ˜¢ğŸ˜®ğŸ˜®ğŸ‰â¤ğŸ˜‚ğŸ˜‚ğŸ˜‚ğŸ˜‚ğŸ˜‚â¤ğŸ˜®ğŸ˜¢ğŸ¬ğŸ®ğŸš©ğŸ’ğŸ«ğŸ©ğŸ“ŸğŸ¼ğŸ“ºğŸ–±ğŸ“¸ğŸ§ğŸ’ğŸ“ŸğŸ“ŸğŸ“ŸğŸ†ğŸ‚ğŸ‚ğŸŒ„ğŸ‘“ğŸŒ‚ğŸ‘¢ğŸ˜®â¤
2024 ki date 30 November maine ye live suniï¸,â¤
m29 November 2024 ko sun rhi r papers check kr rhi,ğŸ˜…
Kaun kaun 30 à¤¨à¤µà¤®à¥à¤¬à¤° 2024 ko sun raha hai,ğŸ˜Š
Chand  khan,â¤â¤â¤â¤
Kon kon 2024 December main song sun raha hai..,â¤â¤
Kon kon 29 November me Sun Raha hai,ğŸ‰â¤
Kon kon December 2024 me ye gana sun rha hai,ğŸ˜¢ğŸ˜¢â¤
Old is gold kon kon manta h,â¤â¤ğŸ˜ŠğŸ˜Š
Aj kon kon sun raha hai ğŸ¤—,â¤â¤ğŸ˜»
Kon kon December me sun raha hai,ğŸ‰ğŸ‰ğŸ‰ğŸ‰
Kon today me sun rha hai,ğŸ˜ŠğŸ‰ğŸ˜‚
Kon kon 2024 ke December me sun raha hai,â¤â¤
Kon kon 2025 m yhe gaana sun rha hai,â¤ğŸ˜‚
Kaun kaun Aaj sun raha hai,ğŸ˜‚ğŸ˜‚
Kon kon mohbbat me h meri tarah,â¤
Me 2099mein dekh raha hun bhai Mumbai men baithe kar dekh raha hun,â¤â¤â¤â¤â¤â¤â¤
Vahi yaadein  taza hoti hai yaar,â¤â¤
"Kon kon 28,29 November 2024 ko dekh raha ha",ğŸ˜‚ğŸ˜‚ğŸ˜‚
Kon kon ko es gana sun ke sukon milta hai,ğŸ˜ŒğŸ˜Œ
Abhi kon kon sun raha hai es gane ko,â¤â¤â¤â¤â¤â¤
Me to ye gana 2026me sun raha hu our kon kon sun raha hai meri tarah,â¤ğŸ˜…
2024 abi Aya bi nai hai tu kaisa dekha tu ne,ğŸ˜‚ğŸ˜‚
Is song ko kaun kaun 25 November 2024 ko Sun Raha hai,â¤
Kon kon is song ko 2025 ke 11 mahine ki 25 Tarik ko sun raha hai,â¤â¤
Kon kon youtub me dekh raha hai,ğŸ˜…ğŸ˜‚
Me to 32 November ko dekh raha hun,ğŸ”¥ğŸ”¥ğŸ”¥ğŸ”¥ğŸ˜œğŸ˜œğŸ˜œğŸ˜œ
Kon kon 2024 me sun raha hai,ğŸ˜…
Mera ve follow karo,ğŸ˜Š
Ye song Aaj kon kon dekh raha hai,ğŸ˜‚
Kon kon abhi dekh Raha hai,ğŸ˜‚ğŸ˜‚ğŸ˜‚ğŸ˜‚ğŸ˜‚ğŸ˜‚ğŸ˜‚ğŸ˜‚ğŸ˜‚ğŸ˜‚ğŸ˜‚ğŸ˜‚ğŸ˜‚ğŸ˜‚ğŸ˜‚ğŸ˜‚ğŸ˜‚
Kon kon November 2024 mein ye song sun rha h,â¤â¤â¤â¤â¤ğŸ‰ğŸ‰ğŸ‰ğŸ‰
Kisko kisko acha lagta hai gana sunke,ğŸ˜Šâ¤
"Meri fav song toh sirf arjit singh , Mohammad faiz and neha Kakkar ki gain",ğŸ˜Š
Meri mummy ko favourite song hain  mummy ko bohut pasand hain yeh gane,ğŸ˜…ğŸ˜Š
Stane ke manane ke ye din hai aajmane ke,â¤
Mai to Mera mood of rahta to sunta hun,â¤â¤â¤â¤
Bhai achi nind ayegi,ğŸ˜‚ğŸ˜‚ğŸ˜‚
sayd wo bin hote,ğŸ˜¢â¤ğŸ‰â¤
Kon kon pite ğŸ¥ƒ huye sun rh h,ğŸ˜Š
Mai dec me sun rha hu,ğŸ˜…
Old is gold really  true love and feelings hoti h en songs me with emotions,â¤â¤
Hr jgh comment section me ye kon kon wala gang kha se aa jata hai ..,ğŸ˜‚ğŸ˜‚ğŸ˜‚ğŸ˜‚
Kon kon  2024 ke November me sunn rha h ye gana,ğŸ˜Š
"Bhai meri girlfriend ki sadi hai fesember me me à¥¨à¥¦à¥¨à¥ª me mai kya karu bhai log,,, ab jine ka man nahi karta hai bhai log",ğŸ˜‚ğŸ˜‚ğŸ˜‚ğŸ˜‚ğŸ˜‚
Kon kon 2024 ke november me ye song sun raha hai,â¤
Kuch din me meri shadi hai Mera intejar khatm hone wala hai Mai apne Mahendra  ji se milne Wali hu  bahut existed hu please  Bhagwan ji Jaldi mila digia please,ğŸ˜Š
Kaun kaun 2024 mein November mein dekh rahi hai,â¤
Just abhi abhi kaun kaun sun raha hai,â¤â¤â¤â¤â¤â¤â¤
Mai sun rha hu,â¤â¤
Very nice  bahut accha song,ğŸ‘ğŸ‘ğŸ‘â¤â¤â¤â¤
Kon kon 2024 ke november me song sun raha hai,â¤â¤
Meri gf se meri shadi February me hai mai bahut khus hu 6 year se mere sath relationship me thi,â¤
2024 wale like  karo,ğŸ‘
Hello Bhai ji,â¤â¤â¤â¤
Aaj ye gana ko mai bhi fil kar pa rhi hu ğŸ¥°,ğŸ˜Š
Kisko kisko purane gane pasand hai,â¤ğŸ˜Š
Kon kon 2026 me sun Raha h,ğŸ˜…
Married log KB laga k aunty songs,ğŸ˜‚
Dill kr rha ha India ajao,ğŸ˜¢
Dill khush hogya hai,ğŸ‰
Kon kon 2024 mein,ğŸ˜…
Mera bhi 5 yers ka piyar hai par dono ka ghar bale bilkul biprit hai,ğŸ˜¢ğŸ˜¢
Kon kon 2024 me sun raha hai,ğŸ˜…ğŸ˜ŠğŸ‰â¤
Hi,â¤â¤â¤â¤
song Achcha hai bhai,â¤â¤â¤â¤â¤
2024_25 Mai Kon Kon sun raha hai,ğŸ˜‚ğŸ˜‚ğŸ˜‚ğŸ˜‚
Ho to get a r u in all of to get a r u in the time hi I am to be a,ğŸ˜¢ğŸ˜¢ğŸ˜¢ğŸ˜¢
Aaj kaun kaun sun rha h,ğŸ˜…
Me 25 year ka hua hu par song purane  sunte h nai 9 din puani so din  I love you purane song,â¤â¤â¤â¤â¤
Kon kon Manta hai ki mata pita ke charno me swarg hai,â¤â¤
"2024 , 16 November kon sun rha hai",ğŸ˜Š
Kal kon kon sun rha hai,ğŸ˜Š
Kis kis ko ye song acha lagta hai,â¤
Kon kon 16 November ko ye gaane sun rahe h my favorite songs,ğŸ˜Š
Nice  Bhai  song,ğŸ‘ğŸ‘Œâ¤â¤â¤â¤ğŸ™†ğŸ™†ğŸ™†ğŸ™†ğŸ™†ğŸ™†ğŸ™‹ğŸ™‹ğŸ™‹
Kon kon November me sun raha hai,ğŸ˜‚
Car me sunne ka maza hi alag hai ye sab song sunne ka,â¤
I love you jaan ji ss,ğŸ‘ğŸ‘ğŸ‘ğŸŒ¹ğŸŒ¹ğŸŒ¹ğŸŒ¹
"November,, 16,,, 2024 me kaun sun rha hai",â¤
"Gana chhodo bhai apne goal per dhyan do aur sahi use karo apne mind ko
Mobile ki wajah se hum pichhe h",ğŸ˜¢
2055 me dekh raha hai,ğŸ˜‚ğŸ˜‚
Kon kon ye 2024 me dekh rha  h,â¤â¤ğŸ˜ŠğŸ˜Š
Koun koun handphone laga kar  sun raha hai,ğŸ˜Š
"15 November 2024 dekh nhi suna hai
My love you songs",ğŸ‰â¤â¤â¤â¤â¤â¤â¤â¤â¤â¤â¤â¤â¤â¤â¤â¤
Abhi kon hai,â¤
Me sun rahahe a gana sab mere Dil ki karib he,â¤â¤â¤â¤â¤â¤â¤â¤
Kon kon Bhai bhno ko Hindi songs pasand h,â¤
Kon kon 2024 ke November me song sun raha hai,â¤â¤â¤
Kon kon dj ya tractor ya koi se bhi sound me sun raha hai,â¤
Har har Mahadev,â¤â¤â¤â¤â¤
2024me kon kon sun raha hai,ğŸ˜‚ğŸ˜‚ğŸ˜‚
Mujhe aise gaane ache lagte hai,â¤â¤â¤
Mujhe puraane gane bahut jyada pasand hai,â¤â¤â¤â¤â¤â¤â¤â¤â¤â¤ğŸ˜ŠğŸ˜ŠğŸ˜ŠğŸ˜ŠğŸ˜ŠğŸ˜ŠğŸ˜ŠğŸ˜ŠğŸ˜ŠğŸ˜ŠğŸ˜ŠğŸ˜ŠğŸ‰ğŸ‰ğŸ‰ğŸ‰ğŸ‰ğŸ‰
2035 mein sunne wale like kre,â¤
Hi,â¤
Bartan dhote dhote song sunne ka alag hi nasha hai,ğŸ˜…ğŸ˜‚
Bhut mast song hai yarr,â¤â¤â¤
Mai gutka khate hue sun raha hun,ğŸ˜‚
Kan kan 2024  me sun rahi ho like karo,ğŸ˜‚ğŸ˜‚
Nov 2024 me kon kon sun rha hain,ğŸ˜Š
Nov me kon sun rha h vote kre,ğŸ˜Š
Kon kon November 2024 ko sun raha hai,ğŸ˜®ğŸ˜®
Kon kon abhi ye comment padh raha hai,ğŸ˜…ğŸ˜…ğŸ˜…ğŸ˜…ğŸ˜…ğŸ˜‚ğŸ˜‚ğŸ˜‚ğŸ˜‚ğŸ˜‚
Aaj mera shaadi hai aur mai apne shaadi me ye song baja ke sun raha aur ro raha hu ...apni gf me yaad me,ğŸ˜¢
Hum,ğŸ˜‚ğŸ˜‚
Mai  to 1181san mai dekh rha hoo,ğŸ˜…ğŸ˜…ğŸ˜…
Kon Kon is song ko November me sun raha hi,â¤â¤
Ajj kon kon sun raha hai,ğŸ˜Š
Ab season chalu ho gaya breakup ka,ğŸ˜¢
Kon kon aaj dekh rha hain,ğŸ˜…ğŸ˜…
Me bhai,ğŸ˜‚
Kon kon is song ko November me sun rha h,â¤
Kon November mai dekh reha hai,ğŸ˜Š
"Nov 2024 me kaun sun à¤°à¤¹à¤¾ hai 
à¤®à¤¸à¥à¤¤ à¤¸à¤¾à¤‚à¤— à¤¥à¥‡ ï¸",ğŸ˜œâ¤
Kon kon 2024 ke October me song sun raha hai,â¤â¤â¤â¤â¤â¤
Kon kon padhte padhte sun Raha hai,ğŸ˜…ğŸ˜…ğŸ˜…
Koe student hai yaha pe like kro,â¤â¤
Kon sun rehe ho aaj ï¸,â¤
Kam krty hoy suny,ğŸ˜…ğŸ˜…ğŸ˜…ğŸ˜…
Kon kon agree he ki 90 ke songs jaise songs ab nahi chal sakte,ğŸ˜Š
Kuch din baad meri sadi hone wali h meri gf se 5 sal ka payer h bhai log me bahut khus hu,â¤â¤â¤â¤â¤
Kon kon gana sun ke sex kar raha hai,ğŸ˜‚ğŸ˜‚
koun koun Manta hai ki hindi gana sabse best vo like kare,ğŸ˜®
Kon kon 2024 ke November m sun rha h,â¤â¤
Kon kon November mai sua rah hai,â¤
"Apun  sun raha hun 2024 me betta ................,############",ğŸ˜‚ğŸ˜‚ğŸ˜‚ğŸ˜‚ğŸ˜‚ğŸ˜‚ğŸ˜‚ğŸ˜‚ğŸ˜‚
Nov 2024 me kon kon sun raha hai,â¤â¤
Ham sun rhe h,ğŸ˜ŠğŸ˜ŠğŸ˜ŠğŸ˜ŠğŸ˜Š
Aaj ke din 11/10  Kon Kon ye gana sun Raha he,â¤â¤â¤ğŸ˜‚
Kon kon padhte padhte sun raha hai,ğŸ˜‚ğŸ˜‚ğŸ˜‚ğŸ˜‚
Main to November main sun raha hun,ğŸ˜Š
kaun kaun November 10/11/24   suna rahe hai jo sun rahe hai o comment ko du bar dabaye,â¤â¤â¤â¤â¤â¤â¤
Main bhi November mein sun rahi hun,â¤â¤â¤â¤â¤
Kon kon 2024 me dekhrha hai november me,ğŸ˜Š
Kon kon 5 minutes pehle gaali diaa hai  like karo,ğŸ˜…ğŸ˜…ğŸ˜…ğŸ˜…
Kon kon pite huye sun raha hai  like karo,ğŸ˜…ğŸ˜…ğŸ˜…ğŸ˜…
Kon kon Aaj dekh raha hai,ğŸ˜‚ğŸ˜‚ğŸ˜‚ğŸ˜‚ğŸ˜‚ğŸ˜‚ğŸ˜‚ğŸ˜‚ğŸ˜‚
2050 me kon kon sun rha hai,ğŸ˜…
kon kon 2025 me sun raha hai,ğŸ˜‚
ok mam jmpi i am p  j ok.  iu  l      j   m om    nk m.  k ni b bolo BB na mm l mmm    to you.  l mmm m mm j m   .l l  nnn.    j . JB nj u  13:24 mm  o n  i 13:39  BB   u 13:39  nnn  k  13:44   mmm mmm mmn kn mmm nl m     mk mmm    14:33     moin   jok ho uhvjj 15:36   ak b  mn   mmm mmmnljm 16:55    k13:06,ğŸ˜…ğŸ˜®ğŸ˜…
ok mam jmpi i am p  j ok.  iu  l      j   m om    nk m.  k ni b bolo BB na mm l mmm    to you.  l mmm m mm j m   .l l  nnn.    j . JB nj u  13:24 mm  o n  i 13:39  BB   u 13:39  nnn  k  13:44   mmm mmm mmn kn mmm nl m     mk mmm    14:33     moin   jok ho uhvjj 15:36   ak b  mn   mmm mmmnljm 16:55    k13:06,ğŸ˜…ğŸ˜®ğŸ˜…
09nov 2024 Wale like karo time 12:37,ğŸ˜…ğŸ˜…ğŸ˜…
Kaun kaun sote time ye sunta hai o like kare,â¤
Ghar ka kam aur ye song  best h sach me,ğŸ˜‚ğŸ¶ğŸ‘ŒğŸ‘
Bahot accha vedio,ğŸ‰ğŸ‰ğŸ‰ğŸ‰ğŸ‰
Ye song meri gf ko pasand tha â˜ºâ˜ºâ˜º,â¤
Me yuganda se ye gana sunne aya hu,ğŸ˜Š
Kune Kune  ye song sun rha h agar Jo koi bhi ye sun rha h to suno ye meri hi awaaj h ğŸ«¶,ğŸ˜…ğŸ˜šğŸ»ğŸ˜…
Agar aap 2024 main bhi yeh song sunn rahe ho ..toh samjh lo aap 40+ wale ho gye ho,ğŸ˜Š
Aap sab ko kya  lag raha hai,ğŸ˜Š
"H fhi h ih fih fhi field uh fveh fih fih fhei fhf. Hfh ifhi fh ifghi ffivh fih fh fh fi ihf ihfh ih fh fhi fh fh ifhif h fihi hi fh ifh iih fhif hf ih fihif. High h ihfihi hi fhf ih fihi hi h fh ifih fh ihifhif.hfifhfHi .hi hi feie jfhi fhhfi ehif h ifhf ih fihif h ifh fhi fhif hfi hfi hi fhfi hfi ehi feh ifhi ff.ghfi hf ihi ffH fijhhf ihf ihfi ehf iehfiEhfiJcb hfhf ihf h ehf ih fhfi h ffh h fihf ihf h ifhf fh hf h fh fh fh fhe h fhf ihf ibhf hi fj.fj.hf ifhBifhf ih .fvh fh ffh hf hf h ff  
hif.",â¤â¤â¤â¤ğŸ’˜â¤
Kon kon Question solve karte samaya song sunta hai ï¸,â¤ğŸ˜…
Kon kon ya songs 6 November ko sun rha hai??,â¤â¤â¤â¤
Kon kon 6 nomber ko sun raha h,â¤
Headache ho raha hai to 90s k song sun kar achha lag raha hai.. Its like magic,ğŸ˜…
Kon kon 24 main sun raha ho,â¤ğŸ˜‚
Kon kon December me sun rha h,â¤ğŸ˜…
Gadhi hai kya,ğŸ˜…ğŸ˜¢ğŸ˜¢ğŸ˜®ğŸ‰ğŸ˜‚ğŸ˜‚ğŸ˜‚ğŸ˜‚ğŸ˜‚ğŸ˜‚ğŸ˜…ğŸ˜…ğŸ˜…ğŸ‰ğŸ‰ğŸ‰ğŸ‰ğŸ˜‚ğŸ˜‚ğŸ˜‚ğŸ˜‚ğŸ˜‚ğŸ˜‚ğŸ˜‚ğŸ˜‚ğŸ˜‚ğŸ˜‚ğŸ˜‚ğŸ˜‚ğŸ˜‚ğŸ˜‚ğŸ˜‚ğŸ˜‚ğŸ˜‚ğŸ˜‚ğŸ˜‚ğŸ˜‚ğŸ˜‚ğŸ˜‚ğŸ˜‚ğŸ˜‚ğŸ˜‚ğŸ˜‚ğŸ˜‚ğŸ˜‚ğŸ˜‚ğŸ˜‚ğŸ˜‚ğŸ˜‚ğŸ˜‚ğŸ˜‚ğŸ˜‚ğŸ˜‚ğŸ˜‚ğŸ˜‚ğŸ˜‚ğŸ˜‚ğŸ˜‚ğŸ˜‚ğŸ˜‚ğŸ˜‚ğŸ˜‚ğŸ˜‚ğŸ˜‚ğŸ˜‚ğŸ˜‚ğŸ˜‚ğŸ˜‚ğŸ˜‚ğŸ˜‚ğŸ˜‚ğŸ˜‚ğŸ˜‚ğŸ˜‚ğŸ˜‚ğŸ˜‚ğŸ˜‚ğŸ˜‚ğŸ˜‚ğŸ˜‚ğŸ˜‚ğŸ˜‚ğŸ˜‚ğŸ˜‚ğŸ˜‚ğŸ˜‚ğŸ˜‚ğŸ˜‚ğŸ˜‚ğŸ˜‚ğŸ˜‚ğŸ˜‚ğŸ˜‚ğŸ˜‚ğŸ˜‚ğŸ˜‚ğŸ˜‚ğŸ˜‚ğŸ˜‚ğŸ˜‚ğŸ˜‚ğŸ˜‚ğŸ˜‚ğŸ˜‚ğŸ˜‚ğŸ˜‚ğŸ˜‚ğŸ˜‚ğŸ˜‚ğŸ˜‚ğŸ˜‚ğŸ˜‚ğŸ˜‚ğŸ˜‚ğŸ˜‚ğŸ˜‚ğŸ˜‚ğŸ˜ŠğŸ˜ŠğŸ˜ŠğŸ˜ŠğŸ˜ŠğŸ˜ŠğŸ˜ŠğŸ˜ŠğŸ˜ŠğŸ˜ŠğŸ˜ŠğŸ˜ŠğŸ˜ŠğŸ˜ŠğŸ˜ŠğŸ˜ŠğŸ˜ŠğŸ˜ŠğŸ˜ŠğŸ˜ŠğŸ˜ŠğŸ˜ŠğŸ˜ŠğŸ˜Š
Kon kon ye song à¤¶à¤¾à¤¦à¥€ à¤®à¥‡à¤‚ suna hai,â¤ğŸ˜‚
Song To Acha Hain Lekin Ladki Saath degi to .....Or Ladki Kabhi ek Ladke se Pyaar nhi kar Sakta Hain Brooo,ğŸ’¯
My nac rahi hun,ğŸ˜‚ğŸ˜‚ğŸ˜‚ğŸ˜ŠğŸ˜ŠğŸ˜ŠğŸ˜…ğŸ˜…
2024 me kon kon sun raha hai,â¤
Ek dum jhakkas song â™¥ï¸,ğŸ’™
Kon kon Manta hai old is gold,â¤
u 0:44 ki nhi p7hmjjl,ğŸ˜…
Kon kon coment likhne  ki soch Raha hai wo like karo,ğŸ‘‰
Mujhe ye bala song bht acha lagta hai,â¤â¤â¤
Kon reasoning solve krte wakt sun rha h,â¤â¤â¤â¤
Ham BHI sun rage hai,ğŸ‰ğŸ‰ğŸ‰ğŸ‰ğŸ‰ğŸ‰â¤â¤â¤â¤â¤â¤â¤
I love u pgl kyu chod gyi aap mujhe ...,ğŸ˜¢ğŸ˜¢ğŸ˜¢ğŸ’”ğŸ’”
Mai sun rahi ho Pakistan sy 4 0ct 2024,â¤
H,ğŸ˜ŠğŸ˜ŠğŸ˜ŠğŸ˜ŠğŸ˜ŠğŸ˜Š
Mai v sun raha hu,â¤â¤â¤â¤
Kon kon 2025 m sun raha hy...,â¤
Mazaa ka hain na,ğŸ˜‚
Kon Kon 2024 ke November me dekh rha hai,â¤â¤â¤â¤
Bhai mama na bol ta,ğŸ˜‚ğŸ˜‚ğŸ˜‚
Kaun Kaun November 2024 me sun Raha hai o like kare,â¤â¤
3 November 2024 kon kon ye gana sun rha h,ğŸ˜Š
Kon kon 2025 me sun raha hai,â¤â¤â¤â¤â¤â¤â¤â¤â¤â¤â¤â¤
Hi,ğŸ‘‹
Kon kon 2025 me sun raha hai,ğŸ˜®
Aj me sun rahi hu ap sob patta hai kya,â¤â¤
All time favourite  kis kis ko abhi k time PE sunne ayi yea song,â¤â¤
2050 me kon kon sun raha hai,ğŸ˜‚ğŸ˜‚ğŸ˜‚ğŸ˜‚ğŸ˜‚
I love you to  happy diwali     mere bhai bahan ğŸª”ğŸª”,â¤â¤â¤ğŸ‡ğŸ‡ğŸ‡ğŸ‰ğŸ‰ğŸŒ…ğŸŒ…ğŸ’ğŸ’ğŸ’
Kon kon November 2024 me sun raha hai,ğŸ‰
Happy diwali ğŸª”ğŸª” mere bhai bahan ğŸ¥¹ğŸ¥¹ğŸ¥¹ğŸ¥¹ğŸ¥¹ğŸ¥¹ğŸ¥¹ğŸ¥¹ğŸ¤ğŸ¤ğŸ¤ğŸ¤ğŸ¤ğŸ¤ğŸ¤ğŸ©¶ğŸ©¶ğŸ©¶ğŸ©¶,ğŸ‡ğŸ‡â¤â¤â¤â¤ğŸ˜ŠğŸ˜ŠğŸ˜ŠğŸ˜ŸğŸ˜ŸğŸ˜ŸğŸ˜“ğŸ˜“ğŸ˜“ğŸ˜“ğŸ˜“ğŸ˜“
Ye gana dil chu kiya  or aapka,â¤â¤â¤â¤â¤ğŸ˜ŠğŸ˜ŠğŸ˜Š
Diwali 2024 mein kon sun rha hain like,â¤â¤â¤â¤â¤â¤
31/10/2024 ko kon sun rha hai,ğŸ˜®
Kiss kiss ko 90s song pasand h sirf vhi like karnge,ğŸ˜Š
30 October kon kon sun raha ha,ğŸ˜¶
Kya bt ha so nice,â¤
Kon kon diwali ki saf safai karte karte sun rha hai ğŸ¤”,â¤ğŸ˜œ
Kon kon silai krte krte sun rha h like kre,ğŸ˜ŠğŸ˜ŠğŸ˜Š
Deepawali par sfayi or song,ğŸ˜‚ğŸ˜‚â¤
Aaj kon kon sun rha h in songs ko,ğŸ˜ğŸ˜ğŸ˜
usko haq hai wo mujhe pyar kare ya na kre,ğŸ˜¢
2024 main Kon sun rha hai,â¤
"Kon kon meri trh, .  peg ğŸ¥ƒğŸ¥ƒ ke sath un dino ko yaad kr rha 1994 to 2003",ğŸ˜ŒğŸ‰
Main to just comment parny aye tha,ğŸ˜ŠğŸ˜Š
Hum,ğŸ˜ŠğŸ˜…ğŸ˜…ğŸ˜®ğŸ˜ŠğŸ˜¢ğŸ˜¢ğŸ˜¢
M agar samne aa bhi jau too kya karoge...,â¤â¤â¤
29/10/24 aji xun Raha hw,ğŸ˜Š
29 October ko kisne suna song,ğŸ‰
Kom kon padte padte sun raha h,ğŸ˜Š
Kon kon meri tar Divali ki safayi karte huAa sun rha he  happy Divali,ğŸ˜‚
Kon kon diwali ki safai karte hue sun raha hai bhai meri tarah,ğŸ˜‚ğŸ˜‚
Kon kon ghar ka kam karte karte sun rha h,ğŸ˜…ğŸ˜…
Kon kon train me sun rha hain attendance lagaye,ğŸ˜…
Diwali ki sfai  ï¸ ye song,ğŸ˜¢â•ğŸµğŸ˜…ğŸ˜š
Yaar me and my frnd both listening songs in a swing mode of party..,â¤
Hum sun rhe h,ğŸ˜Š
Kon kon 2024 ke last week main ye song sun rahe hain,â¤
Apko copyright Â© nahin ayaa kyun,ğŸ˜¢
Abhi Diwali  ki safi koun koun sun rah hai .  Meh toh ve humesha karti .,ğŸ˜‚ğŸ˜‚ğŸ˜‚ğŸ˜‚ğŸ˜‚ğŸ˜‚
Diwali ki safai or ye songs ...,ğŸ˜…
Me 2080 se aaya hu 2024 me ye song sunne time traveling  karke,ğŸ˜¢ğŸ˜®
Divali ki safai aur ye song ... Time pta nhi chalta kb kam ho gya,ğŸ˜…
Kon kon 2024 ke October me ye song sun raha hai,â¤
Kaun kaun nov me sun raha h,ğŸ˜…ğŸ˜…ğŸ˜…ğŸ˜…
Purane din yaad aa gaye,â¤
Oct 26 24 ko kon kon sun raha,ğŸ˜Š
25 oct kon kon suun raha ha 2:44,ğŸ˜Š
Kon kon ajj aun Raha hai,â¤
Bhot ache ache comments ho rakhe hai me dekh ne aaya hu bhot pyari ladkiyo ne ache ache comments kar rakhe hai,â¤
Oct 25/24ko kon kon sun rha hai,â¤
Sfai k sath sath gane kaun kaun sunta hai,ğŸ˜‚ğŸ˜‚ğŸ˜‚
October  25 ko kaun sun raha hai,â¤â¤â¤
Yes or kon kon dekh raha hai 25 october 2024????????????????????????????????????????,ğŸ˜‚â¤
Meri tarah kon comment padhne aaya hai,ğŸ˜‚ğŸ˜‚â¤â¤
November wale hajri bolo,ğŸ˜‚
Ma bhi,ğŸ˜Š
October 2024 me kon kon sun raha h,â¤
23 October kon kon sun raha hai like karo,â¤â¤
"Mai sun raha hu October 23 , 2024 Mai",â¤
Mind fresh ho jata h aise song sunkr,â¤â¤â¤
"Ay song man ko a66a lagta te 
Abi jo song nikla sab dj",ğŸ˜…
Hum bhi deewane h,â¤â¤â¤â¤â¤â¤
Yrr gb ki yad aagyi,ğŸ˜‚ğŸ˜‚
"90's ke songs ki toh baat hi alg h  
mind fresh ho jata sunne ke baad",â¤â¤ğŸ˜‡
Jiski gf 2025 me sadhi hai voh like kre ï¸â€,ğŸ’”â¤ğŸ”¥
"Maine abi abhi sun na start kiye hen, mtlb bilkul abhi abhi",ğŸ˜Š
"Mujhe accha lagta,hai, ye,song",â¤â¤
Me Bhi Sun Raha Hoo,â¤â¤â¤
2025 me kaun dekh rha hai,ğŸ˜…ğŸ˜‚ğŸ˜‚
Meri trh 2024 mein sunne baale haziri lgaay,ğŸ˜‚ğŸ˜‚
Zkkzjxjzzkskzkiz is k st Joseph mo ya to get my la county,ğŸ˜®ğŸ˜…ğŸ˜Š
Ye song aj bhi kon sun raha hai like kare,â¤
21 October 2024 me kon kon sun raha he,ğŸ˜ŠğŸ˜Š
playlist bahat accha hai,ğŸ’«
Aaj pata chala comment per double tap karne se comment per like hota hai,ğŸ˜…
"dil mera tod diya usne bura kyo manu.
Usko haq hai wo mujhe pyar kare ya na kre",ğŸ˜¢
Kon kon khana bnate bnate sun rha h,ğŸ˜‚ğŸ˜‚ğŸ˜‚ğŸ˜‚ğŸ˜‚
Who . Bhai â‚¹9 mein nahin khul rahi hu,ğŸ˜®ğŸ‰â¤â¤â¤
Abhi kon kon Sun rha hai song like Kro,ğŸ˜Š
"Song sunny waly hi yehi hai
AJ Kal to Jo song hain na hi pocha unka",ğŸ˜¢ğŸ˜¢ğŸ˜¢
Mai v soon rHi huuu,â¤â¤â¤â¤â¤
mast h,â¤â¤â¤â¤â¤
Good morning friends kaise ho aap sab,ğŸ™ğŸŒ¹ğŸ‘ˆ
"R a main single hoo 

Weight :66kg
Color:samla 
Eye's color: brownğŸŸ¤
Height:5.9f
 Qualification:  Graduated 

Need girl friend 
Please Reply my comments interested girl",â¤
18 October raat ko me ye gana sun rahi hu kal subah mera s.s ka  paper hai,ğŸ˜‚
Jo takat Old song me he woh new song me nhi he Ye Kon manta he,ğŸ˜Š
2024 me kon kon sun rahe ho like karo,ğŸ‘‰ğŸ’•ğŸŒâœ¨
M bhi sun rhi hu,â¤â¤
17 October be hum Dhara hu bcz bohot accha gana yea.,ğŸ¼ğŸ‘Œ
mai bhi sun rha hu,ğŸ˜Š
17 October 2024 me song sun Rahe hain,ğŸ˜Š
17 oct ko sun rhi hu or 20oct ko shadi h meri,ğŸ˜ŠğŸ˜Š
16 october ko me bhi dekh raha hu ratke 10 baje,ğŸ˜‚ğŸ˜‚
16 October ko kon kon song suna rahe hai,ğŸ˜‚ğŸ˜‚ğŸ˜‚ğŸ˜‚ğŸ˜‚ğŸ˜‚â¤â¤â¤â¤â¤â¤
16 October ko mein Sun Raja hun,ğŸ˜‚ğŸ˜‚ğŸ˜‚ğŸ˜‚
October 2024 me kon kon kon sun raha hai,â¤
14 October ko me bhi dekh raha hua,ğŸ˜‚ğŸ˜‚ğŸ˜‚ğŸ˜‚
Kon kon November main sun Raha hai,â¤â¤â¤
Ajj khon khon sunnn rhe like here,â¤
Pagal ho aap sb,ğŸ˜…
14 October 2024 ko main sun rahi hu,ğŸ˜‚ğŸ˜‚ğŸ˜Š
Hi,ğŸ’ğŸ’–ğŸ’–ğŸ’–ğŸ’–ğŸ’–ğŸ’–ğŸ’–ğŸ’ğŸ’ğŸ’–ğŸ’ğŸ’ğŸ’–
14 October subah 7.33 am par kon kon sun raha hai,ğŸ˜¢ğŸ˜¢ğŸ˜¢
Kon  kon 2024 October me song sun rahe hain,ğŸ˜Š
Ye sab song mere pyaar ke liye hai,â¤â¤â¤
Kon kon October 2024 ko sun raha hai like karo,ğŸ˜‚
Sacchi mohabbat naseeb walo ko milti ...,â¤â¤
2025 me kon son raha hai,â¤
Main 2025 main sun raha ho,ğŸ˜¢ğŸ˜¢ğŸ˜¢
Kon kon ye 2050 me sun raha hai,â¤â¤â¤â¤
Kon kon sun nahi raha hai dekh raha hai,ğŸ˜…ğŸ˜…ğŸ˜…ğŸ˜…
Kon kon 2024 October last month m sun raha h,â¤â¤â¤â¤ğŸ˜‚ğŸ˜‚ğŸ˜‚
Kon kon October me dekh raha hai,ğŸ˜Š
Mai,ğŸ˜‚ğŸ˜‚
Kon kon 2024 ke October me song sun raha h,â¤â¤â¤â¤â¤â¤â¤â¤
A gana nahi meri jaan ha,â¤â¤â¤
Next generation ke liye comment chor ke ja raha hu agar koi like kare to fir sunne aunga,â¤
Kon 2025 m sun rha h,ğŸ˜‚ğŸ˜‚ğŸ˜‚ğŸ˜‚
Kon kon mere tarah totta ajj hai,ğŸ˜¢ğŸ˜¢ğŸ˜¢ğŸ˜¢
Kon kon 2 October ko ye song sun raha he,â¤â¤â¤â¤â¤â¤â¤â¤
Kaun-kaun 2024 ka December mahine mein Sun Raha hai jyada like milega na isliye likh diya,ğŸ˜…ğŸ˜…ğŸ˜…ğŸ˜…ğŸ˜‚ğŸ˜‚ğŸ˜‚
Kon kon actober 2024 me sun raha h,â¤
Exam zajdik hai fir bhi ye song sunna hai hame,ğŸ˜‚ğŸ™‰
Mai to roj sunti hu Hindi song my feveret hï¸ï¸ï¸ï¸ï¸ï¸,â¤â¤â¤â¤â¤â¤
Kon kon 2024 ke October me song sun raha hai,â¤â¤â¤
Kon kon 2024 ke à¤…à¤•à¥à¤Ÿà¥‚à¤¬à¤° me ye song sun raha h,â¤ğŸ‘ğŸ»ğŸ‘ğŸ»ğŸ‘ğŸ»
Kon kon 2024 ke October me ye song sun raha hai,â¤
Mai bhi sun rahahu,â¤ğŸ‰
Kon kon ye 2030me sun raha hai,ğŸ˜Šâ¤
Bohot assa he eye song my peberet song  I you song,â¤â¤â¤â¤â¤â¤
Kon kon 2025 me sun raha hai,ğŸ˜‚
Song supar se uparlike you,ğŸµğŸ˜Š
Hindi Song Sunke Dil ko Sukun milta hai Jisko  Like kore,ğŸ˜…â¤
Mai 28 September ko,ğŸ˜‚ğŸ˜‚ğŸ˜‚ğŸ˜‚ğŸ˜‚
Main to 2024 ma sun ka na sunu  main to  2090 ma sunu,ğŸ˜‚ğŸ˜…ğŸ˜…ğŸ˜…ğŸ˜…ğŸ˜…
Kis kis ko apni crush yad aa gyi ye gaane sunkr,ğŸ˜€ğŸ˜€
Ye sab gaane ko Jayda toh ladkiyo ko pasand aana chahiye reply kar bataw,â¤â¤â¤ğŸ˜ŠğŸ˜Š
Mai 25 September KO sun rhi,ğŸ˜…
I like Raaz movie songs Jisko pasand ho wo like kare,â¤â¤â¤â¤ğŸ‘ğŸ‘ğŸ‘
2024 me kon kon sun raha hai,â¤â¤â¤
Ham sun rahe hai,â¤â¤â¤â¤
Mai to 22 September 2024 ko sun rahi hun,ğŸ˜ŠğŸ˜ŠğŸ˜Š
Alka Yagnik India ki top 10 singer,â¤â¤â¤â¤â¤â¤â¤
Mai 21 September,ğŸ˜ŠğŸ˜Š
Amar gana hai old is gold....,â¤â¤â¤
Kon kon ye gana 2045 me sunna chahte h,ğŸ˜‚ğŸ˜‚
Mistrtppu andmumbikeppuo hm koiramlkhnmovinhidekhrhe ki tbahiyi ke gdhopr mohithojaugi yellutoulu hotehai dhrmsastriji gdhehirhoge premgrnthme hmrebabu accheluokodssalme chratehai ghrprhi makidyase unkamukablakoiddanhikrsktabundekhdkidhrtior dadakitrh bokidde gddemerkhkrsoteghai hmaribahoprsrkorkhke,â¤ğŸ‰
Kitna bhi modern song aajai but en sbb Gano ki vibe ka koi competition nhi vibe h esm Kitna bhi suno feeling h bore nhi hoga,â¤â¤â¤â¤â¤
Kon kon 2024 ke September me ye song sun raha hai,â¤
Mai to 16 September 2024 me sun rahi hun,ğŸ˜ŠğŸ˜ŠğŸ˜Š
Kon kon 15 september 2024 ko sun raha hai like kare,ğŸ˜ŠğŸ˜ŠğŸ˜Š
Es song ko kon kon pasand kar te h,â¤â¤ğŸ’ğŸ’ğŸ˜€ğŸ˜€
Sagar  Kumar,â¤â¤
Main agr samane aajeya karu,â¤â¤â¤
I  the way sings about beautiful Pyar .,ğŸ’œğŸ’œ
Jay Shri Ram,â¤ğŸ™ğŸ™ğŸ™
Jay Shri Ram,ğŸ™ğŸ™ğŸ™
Bhai bachpan yad dil wadi ya ye song sun ke  nice song,â¤â¤
"B.. mein jisko dil ye duya h m ne jisko pyar kiya hau *2. Vo ho tum vo ho tum vo ho tum
G.. mein. N jisko dil ye dil ye diya h mein n jisko pyar kiya hai mein ne jisko pyar kiya hai vo ho tum vo tum  vo ho tum 
B.. mein n jisko dol ye diya haia tum koo paa kar dilvar muje lag rha mere jindagi m ab na kuch koe kami hai oooo tumh paa kar dil bhar muje lag rha hua merre jindagi m ab na kuch kami hai ..... Vafaaa ki nami haia. Jesne mera chen liaya hai jisne mera chen liya hai 
G.. mein ne jisko dil ye diya hai jisko pyar kiya haia jisko dil ye diya vo ho tum 
B.. m ne jisko dilye diya hai 

Music .....
G.. shambala tha mein ne bahut apne dil ko par ye diwana ab ye machalne lga hai oooho shambala tha mern ne bahut apne dil ko par ye diwana ab ...... Rah gya 
Mere bas m na mera jiya hai mere bas m na mera jiya haia 
B... Mein njisko dil ye diya hai jisko pyar kiya hai vo ho tum  vo ho tum 
G.. m ne jisko
B..mein n jisko pyar kiya hai
G.. mei. Ne jisko 
B 
. Vo ho tum
G.. vo ho tum
B.. vo ho tum 
Hunh haaw hun hun aah haa ha aah aah aah aah",ğŸµğŸµğŸµğŸµğŸ˜…ğŸ˜…
"typing test 
Dil mere thod diya usne bura kyi manu *2 usko hak h vo muje ptar kare ya na kare 
Dul mera thod duya usne bura m kui manu ... 
G.. phle manum na tha aj ye mein n maja ptar kahte h jese vo hai dilo ka shoda dil ki dhadkan ko bla kese koe kedh kar ye to h ajada  uske raste m khadi m khadi kui koe divar kare usko hak hai vo muje ptar kare ya na kare dil mera thod diya usne bura kyu manu.....
G.. aaahhaa ahahah ahhaa hhaaa hahha haha
G.. mein use modh ki dahliz par so jaungi  sorry 
Har sitam shik se muj par dil dar kare usko hak h vo muje ptar kare ta na akare dil mera thod diya usne bura kui manu hhnnn buar kui  mani .. end",ğŸ˜…ğŸ˜…
Key song he yar,ğŸ™ˆ
Mera manpasand  song,â¤ğŸ‰
Koun koun 2024 me yeh song sun rha like kro mujhe,â¤â¤â¤
Chahe kitne bhi trend new song aajaye par in sbke aage fail h,ğŸ˜Šâ¤â¤
Ã‘Ã± JJ ka Äµm,ğŸ˜…ğŸ˜…ğŸ˜®ğŸ˜®ğŸ˜®ğŸ˜®ğŸ˜®ğŸ˜®
"ğŸ¤© wow... So beautiful and lovely song so love ly and likely.... 
HshsbdhdbdgsbskaalnGzvzvzns
Nh Z h msg gd snalhszshsgvsn
Hzhxhsnsk",â¤ğŸ˜â¤âœ¨
2024 me kon kon sunrahi like Karo,ğŸ˜Š
Koun koun mere jaisa 2024 me ye gana sun raha hai,ğŸ˜Š
Aapki video dekh bahot help milti hai bhai,ğŸ‰ğŸ‰ğŸ‰ğŸ‰ğŸ‰â¤â¤â¤â¤
Maze awdte song,ğŸ‰ğŸ‰
90s mein Jo Maja tha wow kisi our Saal mein nehi Hai.,â¤â¤â¤
Jb mere sir me drd hota h tb ye song sunti hu sach me relex ho jati huğŸ¥°@JayBhanviofficial,ğŸµ
Mere payar k o kisi ki najar  na Lage,ğŸ˜‚ğŸ˜‚ğŸ˜‚â¤â¤
Old song sunkar sukun milta hai,â¤â¤â¤â¤
Jaan,ğŸ˜‚ğŸ˜‚ğŸ˜‚ğŸ˜‚ğŸ˜‚â¤â¤â¤â¤
Raj film hi best h to music kyu nhi bhai,â¤â¤â¤ğŸ˜ŠğŸ˜Š
H     hhhhhhhhhhhhhhhhhhhhhhhh,ğŸ˜‚ğŸ˜‚ğŸ˜‚ğŸ˜‚ğŸ˜‚ğŸ˜‚ğŸ˜‚ğŸ˜‚
Old song  sunkar sukun milta hai,â¤â¤â¤â¤â¤â¤â¤â¤
Mera manpasand gana,ğŸ‰
Kitna miss karte log jab ek dsre se juda hote h khass kar jab singer kk sir ki baat hoti h mera to daily riyaas kk sir ko Sunkar chalta tha ab bhi jab yaad aata h ki kk sir is Dunia me nhi h to meri ankhon me anshu ke siva kuch nhi hota h,ğŸ˜¢ğŸ˜­ğŸ˜­ğŸ˜­ğŸ˜­ğŸ˜­ğŸ˜­ğŸ˜­
Kon kon mere jaisa KK sir ko bohath miss karti he wo meri comment ko like karke dikhado,ğŸ˜”
Shal ate jate rahege par kuch songs ayse hote hai jo apke golden era apke purane yaadon ko jinda rakhta hai or usme k k ki song ho to kya baat,ğŸ˜Š
Best fillings songs  kk  sirf tum,â¤â¤â¤â¤
"Miss u a lot KK Sir 
Aapki voice me ek energy hoti hai",â¤â¤â¤â¤ğŸ‰ğŸ‰ğŸ˜ŠğŸ˜Šâ¤â¤â¤â¤â¤â¤
"5:11 Dil ibadat 
10:33 Haan tu hain
21:26 labon ko
27:03 beete lamhein
32:00 pyaar ke pal
37:57 Zara sa
43:22 kya mujhe pyaar hai 
47:45 saanso ko",ğŸ˜€ğŸ˜€
I Love KK Ki Song,â¤â¤
"Buker bhitor bhoi thaka bhalo 
Baire noi 
Jemon ami churi kori baire thake ar bhitor thake bhabi upor Bala dekhche na to",â¤ğŸ˜¢ğŸ˜‚
Missing Tu Jo Mila,â¤
"Amar mms ke ke baniyachis enjoy kor tora kichudin pore amio to anjoi korbo

Sudhu RNG noi all
Kar kar Divice thake kar kar Divice gache",â¤â¤
Kk dada. Tumi jakynatyko valo tylkooisor ho mera,ğŸ˜¢ğŸ˜ŠğŸ‰
Jindegi ki ankhri sans tak gana gaya.,â¤ğŸ˜¢
Ab koi bkl bolega November me kaun kaun Sun raha h,ğŸ˜‚ğŸ˜‚
"Ham rahe na na rahe yaad aayenge yeh pal 
 16th  Nov 2024, west Bengal",ğŸ˜‘â¤
Kon Kon November ko sun Raha hai 2024,ğŸ˜ŠğŸ˜ŠğŸ˜Š
2024 may kiska break up huwa . Mere Lia bohot kharap hai iss sal,ğŸ˜¢
Om Shanti,ğŸ™ğŸ•‰
"Bhai bhai tabahi
KK +Sunidhi Chauhan ğŸ§¨",âğŸ‡
My favourite song tujhe sochta hoon me Sam sovab,â¤â¤â¤â¤â¤â¤â¤â¤â¤â¤â¤â¤â¤â¤â¤â¤â¤â¤â¤â¤â¤
Yar sad mat karo,â¤â¤
Man udas kar diya yar tumne,â¤â¤â¤â¤
All time my favourite song jaan,â¤â¤â¤
1995 Ka Hun But Aaj Bhi Miss Karta Hun Song..,ğŸ˜¢ğŸ˜­ğŸ˜­
Ye songs Aaj mann kr gya sunne ko.. after a long time...,â¤
2024 me kon kon sun reha kk sir ka song,â¤
November 2024 kon kon sun raha hai,ğŸ‰â¤
Koi 3090 mai hai,ğŸ˜‚ğŸ˜‚ğŸ˜‚
Ye gane us jamane ki yad dila dete h,â¤â¤ğŸ˜ŠğŸ˜Š
Sang tha tere but never feel that some one is wid me   butnow this time my rules my sang who's wid my sang I'll be sang forever,ğŸ˜¢ğŸ˜¢ğŸ˜¢ğŸ˜¢ğŸ˜Š
Me 2050 se ake a gana sunraha huğŸ¤—ï¸,ğŸ˜‚ğŸ˜‚ğŸ˜‚ğŸ˜‚ğŸ˜‚â¤
hum rahe ya na rahe,ğŸ˜­ğŸ˜­ğŸ˜­
Khuda jaane....,â¤â¤â¤
2024 insta se Aiya koi yaden dila dita hain,ğŸ˜¢
Best album past yaad aa gaya  all love songs,â¤â¤â¤â¤
Pyaar to pyaar hai is gana ko ky bola duliya kam hai is gana ke samne,ğŸ˜¢
Bahut Miss kar ta hai sir apko,â¤
Bahut Miss kar ta hai sir apko,â¤
Ahe kya hua ye,ğŸ˜¢ğŸ˜¢ğŸ˜¢ğŸ˜¢
Haa tu hai,ğŸµğŸ¼ğŸ”Š
Kuch bhi ho jaye kk ki song hamesha  dill me rahe gi,â¤âœ¨ğŸ‘€
Imran Hashmi eske song to song mere bahut favourite h,â¤â¤â¤
Ye jo dard bhi andar kyu ? Hota hai bhai  Aagar bahar hota toh kuch ilaaj bhi hotaa saayed,ğŸ˜­ğŸ˜­ğŸ˜­ğŸ˜­ğŸ˜­ğŸ˜¢ğŸ˜¢ğŸ˜¢
Wakht se puch le wakht mera Gawahh  sang hu tere.....,ğŸ¶ğŸµ
In gaano ko sunte hi purani yadein taja ho jata hai,ğŸ˜”ğŸ˜”
ka hal bura hai,â¤
Kal exam h aaj sad song sun rha,ğŸ˜‚
K.k. jab jinda tha tab hum uske gaane sunte nahi the par ab uske gaane sabse badhiya najar aate hai....,ğŸ’¯ğŸ™
"jo brother sister K K ka voice pasand karte hai o like kare 
all songs is best",ğŸ˜®ğŸ˜®ğŸ˜®â¤â¤â¤
Sukun milta hai,ğŸ˜ŒğŸ§
Ishq toh kiya noi kbhi pr kk sir ka gaano ko sunnah k bhad bs aak bar us gali sa guzar na ko dil krta hai,â¤â¤ğŸ˜…
Mood ka 12 baja dia... KK's voice hurts,ğŸ˜…ğŸ’”
Kon kon daily night me sunta hai (kk),â¤â¤
Sir meri wish thi ek baar aapko live dekhne ki ... tab mere pass paise nahi the travel ke or aaj paise hain aap nahi ho ..,ğŸ˜¢ğŸ˜¢
"1456 mein koun sun raha hai, like kare",ğŸ™‚
"Kitna bhi sun lu 
Lakin akelapan mhasus krta hu",ğŸ˜¢ğŸ˜¢
Wo purane di bhi kiya din the yyr wo  9 September 2024 ye aj so sad,ğŸ˜Š
"and Gen Z compares arijit's autotuned songs to these on the basis of spotify numbers 
Bluetooth mp3 numbers hote na to aukaat pata chal jaati unhe",ğŸ˜‚
Sep/9/2074 mn kon sunn rha h,ğŸ–ğŸ»
Just abhi breakup  huwa hai saccha wala 10/9/24 time 2:09AM,ğŸ˜¢ğŸ˜­
"8 sep. 2024 ....barish ka Mausam , or aankhein bnd krke sote huye kk k songs sun k esa lg rha h ki yaar life m kisi khash insaan ki kmi h...",ğŸ˜¢ğŸ˜¢ğŸ˜¢
"Krta hu 100 waade tumse, bandhe dil ke dhaage tumse 

7 September 2024",â¤
Mera coment kon pdh ra,ğŸ˜‚
"07/09/2024 
magical voice mujhy Ek alag hi dimension m lay Gaye ye songs",ğŸ”¥ğŸ’—ğŸ’“ğŸ’
Kon kon ye playlist Daily sunte hai,ğŸ¶ğŸ¶ğŸ¶ğŸ¶ğŸ¶ğŸ¶ğŸ’•ğŸ’•ğŸ’•ğŸ’•ğŸ’•
Kash hum sab music ko akathy enjoy krty singing ka boht junoon tha india main hota to singer ban jata,ğŸ˜¢
2030 kon sunra hai,â¤
RIP sir Om Shanti,ğŸ™
Song hu tere nice,â¤â¤â¤ğŸ˜Š
Nice my favourite song thanks Bhai,ğŸ™ğŸ™ğŸ™
